condition,prediction,accuracy,numerosity,fitness,selected_feature_indices,original_feature_indices,correct_count,match_count
"[[-1.8555157244205476, 2.276870270371437], [-1.2518819496035576, 5.9194654151797295], [-1.8635925769805908, 1.4019608950614928], [-1.6811786472797394, 1.2605786016583442], [-1.7641605019569397, 0.9455555039644243], [-1.6900122523307801, 2.759394053220749], [-1.7112989366054534, 2.478064280748367]]",Normal,0.9930555555555556,5,0.9326859910336447,"[11, 47, 37, 31, 16, 34, 39]","[274, 1216, 963, 817, 496, 840, 1039]",858,864
"[[-1.2518819496035576, 4.398005279154974], [-1.8635925769805908, 1.4019608950614928], [-1.7641605019569397, 0.9455555039644243], [-1.6900122523307801, 2.759394053220749], [-1.7112989366054534, 2.478064280748367], [-1.758002656698227, 3.0558807000517847], [-1.7288547396659852, 3.8248780775070195], [-1.6811786472797394, 2.667912869155407], [-1.6441999614238738, 2.0598203906416894]]",Normal,1.0,3,1.0,"[47, 37, 16, 34, 39, 19, 43, 31, 10]","[1216, 963, 496, 840, 1039, 565, 1094, 817, 245]",131,131
"[[-1.6797260224819184, 1.5988639277219772], [-1.6672115206718445, 0.45203138600608517], [-1.6227943122386934, 1.6008550608158112], [-1.6811786472797394, 1.2605786016583442], [-1.8635925769805908, 1.4019608950614928], [-1.2518819496035576, 5.9194654151797295], [-1.6900122523307801, 2.759394053220749], [-1.7641605019569397, 0.9455555039644243], [-1.7437106370925903, 2.9472451537847517]]",Normal,0.9967532467532467,3,0.9680027470347472,"[15, 32, 49, 31, 37, 47, 34, 16, 14]","[474, 825, 1263, 817, 963, 1216, 840, 496, 446]",921,924
"[[-1.6797260224819184, 1.5988639277219772], [-1.6672115206718445, 0.45203138600608517], [-1.6227943122386934, 1.6008550608158112], [-1.8440534591674804, 2.0950475454330446], [-1.6811786472797394, 1.2605786016583442], [-1.8635925769805908, 1.4019608950614928], [-1.2518819496035576, 5.9194654151797295], [-1.6900122523307801, 2.759394053220749], [-1.7641605019569397, 0.9455555039644243]]",Normal,0.9962756052141527,3,0.9633740932289087,"[15, 32, 49, 23, 31, 37, 47, 34, 16]","[474, 825, 1263, 659, 817, 963, 1216, 840, 496]",1070,1074
"[[-1.8440534591674804, 2.0950475454330446], [-1.6811786472797394, 1.2605786016583442], [-1.82147895693779, 2.473960210680962], [-1.71348152756691, 2.4739576002955435], [-1.8555157244205476, 2.276870270371437], [-1.6672115206718445, 0.45203138600608517], [-1.6227943122386934, 1.6008550608158112]]",Normal,0.9956140350877193,3,0.9569959545770036,"[23, 31, 45, 35, 11, 32, 49]","[659, 817, 1147, 847, 274, 825, 1263]",227,228
"[[-1.6797260224819184, 1.5988639277219772], [-1.6672115206718445, 1.7924783825874329], [-1.6227943122386934, 1.6008550608158112], [-1.8440534591674804, 2.0950475454330446], [-1.2112549889119049, 1.4019608950614928], [-1.2518819496035576, 5.9194654151797295], [-1.6500760436058046, 0.7964785373210908], [-1.6491265833377837, 1.584968847334385]]",Normal,0.9938208032955715,3,0.9398982356519144,"[15, 32, 49, 23, 37, 47, 30, 48]","[474, 825, 1263, 659, 963, 1216, 766, 1262]",965,971
"[[-1.8555157244205476, 2.276870270371437], [-1.2518819496035576, 4.398005279154974], [-1.6811786472797394, 1.2605786016583442], [-1.7641605019569397, 0.9455555039644243], [-1.6900122523307801, 2.759394053220749], [-1.7112989366054534, 2.478064280748367], [-1.7288547396659852, 3.8248780775070195]]",Normal,0.9924337957124842,3,0.9268627967657572,"[11, 47, 31, 16, 34, 39, 43]","[274, 1216, 817, 496, 840, 1039, 1094]",787,793
"[[-1.6227943122386934, 1.6008550608158112], [-1.6931957185268403, 2.089929431974888], [-1.6758379220962525, 3.414409790635109], [-1.776373201608658, 1.3121550747752189], [-1.8555157244205476, 2.276870270371437], [-1.6797260224819184, 1.5988639277219772], [-1.6811786472797394, 1.2605786016583442], [-1.88514364361763, 3.5828650662302968]]",Normal,0.9911361804995971,3,0.9148150471677049,"[49, 22, 21, 0, 11, 15, 31, 1]","[1263, 613, 612, 27, 274, 474, 817, 30]",1230,1241
"[[-1.7686191916465759, 1.961052010059357], [-1.6441999614238738, 1.2358380600810053], [-1.776373201608658, 1.3121550747752189], [-1.6931957185268403, 2.089929431974888], [-1.6672115206718445, 0.45203138600608517], [-1.8499676644802094, 4.994140712320805]]",Normal,0.9903846153846154,3,0.907901751782989,"[41, 10, 0, 22, 32, 7]","[1064, 245, 27, 613, 825, 228]",1133,1144
"[[-1.6672115206718445, 0.45203138600608517], [-1.8440534591674804, 2.0950475454330446], [-1.8555157244205476, 2.276870270371437], [-1.8635925769805908, 1.4019608950614928], [-1.2518819496035576, 5.9194654151797295], [0.2846683507296395, 2.1595378087460997], [-1.603154443204403, 0.857474111020565], [-1.7641605019569397, 2.6450366401672367]]",Normal,0.9878048780487805,3,0.8845281624543802,"[32, 23, 11, 37, 47, 48, 35, 16]","[825, 659, 274, 963, 1216, 1262, 847, 496]",81,82
"[[-0.07869527190923709, 4.678082440793514], [0.14765142649412155, 6.848194845020771], [0.35408629745244946, 6.544960600435735]]",Anomalous,0.9464285714285714,3,0.5766050290968954,"[40, 48, 15]","[1049, 1262, 474]",53,56
"[[-0.07869527190923709, 4.678082440793514], [0.14765142649412155, 6.848194845020771], [0.35408629745244946, 6.544960600435735], [1.7320358258485795, 5.78008632838726]]",Anomalous,1.0,2,1.0,"[40, 48, 15, 31]","[1049, 1262, 474, 817]",19,19
"[[-0.07869527190923709, 4.678082440793514], [1.7320358258485795, 5.78008632838726], [-1.9106114029884338, 2.108772132769227], [2.003959903717041, 5.092623462677002]]",Anomalous,1.0,2,1.0,"[40, 31, 5, 18]","[1049, 817, 217, 513]",5,5
"[[-1.6797260224819184, 1.5988639277219772], [-1.6672115206718445, 0.45203138600608517], [-1.6227943122386934, 1.6008550608158112], [-1.8440534591674804, 2.0950475454330446], [-1.8555157244205476, 2.276870270371437], [-1.6811786472797394, 1.2605786016583442], [-1.8635925769805908, 1.4019608950614928], [-1.2518819496035576, 5.9194654151797295], [-1.6931957185268403, 2.089929431974888]]",Normal,0.9967845659163987,2,0.9683069479301107,"[15, 32, 49, 23, 11, 31, 37, 47, 22]","[474, 825, 1263, 659, 274, 817, 963, 1216, 613]",1240,1244
"[[-1.6797260224819184, 1.5988639277219772], [-1.6672115206718445, 0.45203138600608517], [-1.6227943122386934, 1.6008550608158112], [-1.8440534591674804, 2.0950475454330446], [-1.8555157244205476, 2.276870270371437], [-1.6811786472797394, 1.2605786016583442], [-1.2112549889119049, 1.4019608950614928], [-1.2518819496035576, 5.9194654151797295], [-1.6931957185268403, 2.089929431974888]]",Normal,0.9966414777497901,2,0.9669178433723529,"[15, 32, 49, 23, 11, 31, 37, 47, 22]","[474, 825, 1263, 659, 274, 817, 963, 1216, 613]",1187,1191
"[[-1.6797260224819184, 1.5988639277219772], [-1.6672115206718445, 0.45203138600608517], [-1.6227943122386934, 1.6008550608158112], [-1.8440534591674804, 2.0950475454330446], [-1.6811786472797394, 1.2605786016583442], [-1.8635925769805908, 1.4019608950614928], [-1.6900122523307801, 2.759394053220749], [-1.7641605019569397, 0.9455555039644243], [-1.776373201608658, 0.672767476439476]]",Normal,0.9955898566703418,2,0.9567635741733063,"[15, 32, 49, 23, 31, 37, 34, 16, 0]","[474, 825, 1263, 659, 817, 963, 840, 496, 27]",903,907
"[[-1.2518819496035576, 4.398005279154974], [-1.8635925769805908, 1.4019608950614928], [-1.7641605019569397, 0.9455555039644243], [-1.6900122523307801, 2.759394053220749], [-1.7112989366054534, 2.478064280748367], [-1.758002656698227, 3.0558807000517847], [-1.7288547396659852, 3.8248780775070195], [-1.6811786472797394, 2.667912869155407]]",Normal,0.9898843930635838,2,0.9033265404927986,"[47, 37, 16, 34, 39, 19, 43, 31]","[1216, 963, 496, 840, 1039, 565, 1094, 817]",685,692
"[[-1.6672115206718445, 0.45203138600608517], [-1.8555157244205476, 2.276870270371437], [-1.71348152756691, 2.3135336308469694], [-1.6227943122386934, 1.6008550608158112], [-1.6931957185268403, 2.089929431974888], [-1.2518819496035576, 5.9194654151797295], [-1.7161404550075532, 3.1877595567703247]]",Normal,0.9887218045112782,2,0.8927731461545638,"[32, 11, 35, 49, 22, 47, 13]","[825, 274, 847, 1263, 613, 1216, 408]",263,266
"[[-1.6797260224819184, 1.5988639277219772], [-1.8555157244205476, 2.276870270371437], [-1.8635925769805908, 1.4019608950614928], [-1.2518819496035576, 5.9194654151797295], [-1.6931957185268403, 2.089929431974888], [-1.71348152756691, 2.469725905060768]]",Normal,0.9885151763740772,2,0.8909091368414098,"[15, 11, 37, 47, 22, 35]","[474, 274, 963, 1216, 613, 847]",1205,1219
"[[-1.8555157244205476, 2.276870270371437], [-1.2518819496035576, 4.398005279154974], [-1.6811786472797394, 1.2605786016583442], [-1.6900122523307801, 2.759394053220749], [-1.7112989366054534, 2.478064280748367], [-1.4744347846508026, 1.1384358620643615], [-1.8202207028865816, 2.7231122401356695]]",Normal,0.9884393063583815,2,0.8902255868959841,"[11, 47, 31, 34, 39, 32, 25]","[274, 1216, 817, 840, 1039, 825, 690]",684,692
"[[-1.6227943122386934, 1.6008550608158112], [-1.8440534591674804, 2.0950475454330446], [-1.8635925769805908, 1.4019608950614928], [-1.2518819496035576, 5.9194654151797295], [-1.703491520881653, 0.9132515501976013]]",Normal,0.982200647249191,2,0.8356071739223503,"[49, 23, 37, 47, 42]","[1263, 659, 963, 1216, 1087]",1214,1236
"[[-1.8555157244205476, 2.276870270371437], [-1.6500760436058046, 0.7964785373210908], [-1.2518819496035576, 5.9194654151797295], [-1.6811786472797394, 1.2605786016583442], [-1.7676193594932557, 2.4430514389276503], [-1.6950858235359192, 4.016107254494885], [-1.6758379220962525, 3.414409790635109]]",Normal,0.9818548387096774,2,0.8326698645635686,"[11, 30, 47, 31, 2, 24, 21]","[274, 766, 1216, 817, 118, 680, 612]",1461,1488
"[[-1.6973470151424408, 1.141147144138813], [-1.6441999614238738, 1.2358380600810053]]",Normal,0.9660074165636588,2,0.7076273455371336,"[47, 10]","[1216, 245]",1563,1618
"[[-0.07869527190923709, 4.678082440793514], [1.408776108920574, 7.75085371285677], [-1.692567104101181, 2.891884127259255]]",Anomalous,0.6338028169014085,3,0.010460240035020435,"[40, 10, 20]","[1049, 245, 566]",45,71
"[[-0.07869527190923709, 4.678082440793514], [0.14765142649412155, 6.848194845020771], [0.35408629745244946, 6.544960600435735], [-1.7641605019569397, 4.455436258316039]]",Anomalous,0.926829268292683,2,0.46773233998717534,"[40, 48, 15, 16]","[1049, 1262, 474, 496]",38,41
"[[-1.6227943122386934, 2.8923924192786217], [0.06150343477726006, 4.25525853574276], [-1.8260549545288087, 0.910751874446869], [1.8896980887651442, 6.885842263102532], [-1.9531167209148408, 3.266707724928856], [-1.3166036960482597, 3.052837526500225], [-1.7309508681297303, 3.257599657177925]]",Anomalous,0.8571428571428571,2,0.21405831560130767,"[49, 34, 33, 15, 12, 19, 36]","[1263, 840, 830, 474, 345, 565, 882]",6,7
"[[-1.6227943122386934, 2.8923924192786217], [0.06150343477726006, 4.25525853574276], [-1.8260549545288087, 0.910751874446869], [1.8896980887651442, 6.885842263102532], [-1.9531167209148408, 3.266707724928856], [-1.3166036960482597, 3.052837526500225]]",Anomalous,0.8461538461538461,2,0.18814528037496547,"[49, 34, 33, 15, 12, 19]","[1263, 840, 830, 474, 345, 565]",11,13
"[[0.14765142649412155, 6.848194845020771], [0.35408629745244946, 6.544960600435735], [-0.20549165248870827, 5.334780325889588], [-1.692567104101181, 2.891884127259255], [-1.5301335322856904, 3.6963441836833955], [-1.2885315489768985, 4.829283006191254]]",Anomalous,0.7777777777777778,2,0.08101311022241207,"[48, 15, 7, 20, 29, 45]","[1262, 474, 228, 566, 746, 1147]",7,9
"[[1.8896980887651442, 7.8681886693871395], [-1.9531167209148408, 3.266707724928856], [-1.3553105890750885, 3.0949231684207916]]",Anomalous,0.6774193548387096,2,0.02035054334159614,"[15, 12, 46]","[474, 345, 1205]",21,31
"[[0.14765142649412155, 7.9829153724181925], [1.1763748466968535, 6.583062237501144], [-1.8499676644802094, 2.9519479566812517], [-1.8356576323509217, 4.184756052643061]]",Anomalous,0.6666666666666666,2,0.017341529915832606,"[48, 49, 7, 29]","[1262, 1263, 228, 746]",2,3
"[[-0.07869527190923709, 4.678082440793514], [0.9300264477729798, 4.918055617809296]]",Anomalous,0.6575342465753424,2,0.015107192827213485,"[40, 8]","[1049, 239]",48,73
"[[-0.07869527190923709, 4.678082440793514], [0.579165145456791, 3.8893545421957967]]",Anomalous,0.5306122448979592,2,0.0017691826815251254,"[40, 4]","[1049, 140]",52,98
"[[-2.5691053217649458, 1.7591201013326643], [-0.18054989725351334, 2.2320456877350807], [-3.165356650948525, 3.831637337803841], [-0.7118946880102159, 5.279513058066368], [1.1044598197937012, 5.171438636779785], [-3.8701671525835994, 4.089795084297657], [3.9236804896593096, 6.668971831202507], [-0.22677694678306604, 2.814354289770127], [-0.18058345973491674, 3.7782707041502], [0.12377948045730602, 4.116151626110077], [0.148958386182785, 3.7070913898944857], [-0.7298170322179796, 3.3278344863653184]]",Anomalous,1.0,1,1.0,"[13, 20, 24, 9, 33, 26, 36, 15, 44, 37, 43, 4]","[408, 566, 680, 240, 830, 717, 882, 474, 1123, 963, 1094, 140]",2,2
"[[5.0190515369176865, 7.859528556466103]]",Anomalous,1.0,1,1.0,[29],[746],11,11
"[[1.240755319732738, 1.5988639277219772], [-1.6672115206718445, 0.45203138600608517], [-1.6227943122386934, 1.6008550608158112], [-1.8440534591674804, 2.0950475454330446], [-1.6811786472797394, 1.2605786016583442], [-1.8635925769805908, 1.4019608950614928], [-1.2518819496035576, 5.9194654151797295], [-1.6931957185268403, 2.089929431974888], [-1.6900122523307801, 2.759394053220749], [-1.680296015739441, 1.6251187121868136]]",Normal,1.0,1,1.0,"[15, 32, 49, 23, 31, 37, 47, 22, 34, 28]","[474, 825, 1263, 659, 817, 963, 1216, 613, 840, 743]",5,5
"[[-0.07869527190923709, 4.678082440793514], [3.26337050139904, 7.025436413884163], [4.147693161070347, 0.24646444916725163]]",Anomalous,1.0,1,0.1,"[40, 36, 31]","[1049, 882, 817]",0,0
"[[-0.07869527190923709, 4.678082440793514], [1.408776108920574, 7.75085371285677], [-1.692567104101181, 2.891884127259255], [3.26337050139904, 7.025436413884163], [-0.20549165248870827, 5.334780325889588]]",Anomalous,1.0,1,1.0,"[40, 10, 20, 36, 7]","[1049, 245, 566, 882, 228]",8,8
"[[2.6636253863884587, 3.9594267487525943], [-1.7368550598621368, 3.563653053343296], [1.1531248986721034, 8.907626062631607]]",Anomalous,1.0,1,1.0,"[27, 6, 8]","[733, 223, 239]",5,5
"[[0.9300264477729798, 4.918055617809296], [0.14765142649412155, 6.848194845020771], [1.1763748466968535, 6.583062237501144]]",Anomalous,1.0,1,1.0,"[8, 48, 49]","[239, 1262, 1263]",15,15
"[[0.9300264477729798, 4.918055617809296], [0.14765142649412155, 6.848194845020771], [1.1763748466968535, 6.583062237501144], [5.026534233093262, 0.3385523676872254]]",Anomalous,1.0,1,0.1,"[8, 48, 49, 30]","[239, 1262, 1263, 766]",0,0
"[[0.9300264477729798, 4.918055617809296], [0.14765142649412155, 6.848194845020771], [1.1763748466968535, 6.583062237501144], [2.202068034410477, 5.773335274457931]]",Anomalous,1.0,1,1.0,"[8, 48, 49, 18]","[239, 1262, 1263, 513]",9,9
"[[-1.6797260224819184, 1.5988639277219772], [-1.6672115206718445, 0.45203138600608517], [-1.6811786472797394, 1.2605786016583442], [-1.2112549889119049, 1.4019608950614928], [-1.2518819496035576, 5.9194654151797295], [-1.71348152756691, 2.0750468742847445], [0.9455555039644243, 2.3819000799784034], [-1.6227943122386934, 1.6008550608158112], [-1.82147895693779, 0.9656536144018173]]",Normal,1.0,1,1.0,"[15, 32, 31, 37, 47, 35, 16, 49, 45]","[474, 825, 817, 963, 1216, 847, 496, 1263, 1147]",32,32
"[[7.859528556466103, 9.570336308465041]]",Anomalous,1.0,1,1.0,[29],[746],1,1
"[[0.9300264477729798, 4.918055617809296], [2.5689749565720557, 7.344875827729702], [1.1422255262732506, 3.8575212731957436]]",Anomalous,1.0,1,1.0,"[8, 19, 15]","[239, 565, 474]",6,6
"[[-1.6797260224819184, 1.5988639277219772], [-1.6672115206718445, 0.45203138600608517], [-1.8440534591674804, 2.0950475454330446], [-1.6811786472797394, 1.2605786016583442], [-1.8635925769805908, 1.4019608950614928], [-1.2518819496035576, 5.9194654151797295], [-1.7641605019569397, -1.7596967210004901], [-1.6931957185268403, 2.089929431974888], [-1.7288547396659852, 1.2576001942157744]]",Normal,1.0,1,0.1,"[15, 32, 23, 31, 37, 47, 16, 22, 43]","[474, 825, 659, 817, 963, 1216, 496, 613, 1094]",0,0
"[[0.14765142649412155, 6.848194845020771], [0.35408629745244946, 6.544960600435735], [0.9300264477729798, 4.918055617809296], [1.1763748466968535, 6.583062237501144], [-1.6849230200052263, 3.1444805532693865]]",Anomalous,1.0,1,1.0,"[48, 15, 8, 49, 3]","[1262, 474, 239, 1263, 138]",6,6
"[[1.8506787163553136, 2.276870270371437], [-1.2518819496035576, 5.9194654151797295], [-1.8635925769805908, 1.4019608950614928], [-1.6811786472797394, 1.2605786016583442], [-1.7641605019569397, 0.9455555039644243], [-1.6900122523307801, 2.759394053220749], [-1.7112989366054534, 2.478064280748367], [-1.6500760436058046, 1.0857808893918992]]",Normal,1.0,1,1.0,"[11, 47, 37, 31, 16, 34, 39, 30]","[274, 1216, 963, 817, 496, 840, 1039, 766]",4,4
"[[-1.6227943122386934, 2.8923924192786217], [1.8896980887651442, 6.885842263102532], [-1.9531167209148408, 3.266707724928856], [-1.3166036960482597, 3.052837526500225], [0.42436992675065976, 3.802003745734692], [3.198691818714142, 10.718188788890838]]",Anomalous,1.0,1,1.0,"[49, 15, 12, 19, 20, 17]","[1263, 474, 345, 565, 566, 500]",2,2
"[[0.9300264477729798, 4.918055617809296], [0.14765142649412155, 8.503047822725428], [1.1763748466968535, 6.583062237501144], [2.202068034410477, 5.773335274457931], [0.5240503451228142, 6.331133733093738]]",Anomalous,1.0,1,1.0,"[8, 48, 49, 18, 35]","[239, 1262, 1263, 513, 847]",6,6
"[[-1.8555157244205476, 2.276870270371437], [-1.2518819496035576, 5.9194654151797295], [1.208411833624395, 1.4019608950614928], [-1.6811786472797394, 1.2605786016583442], [-1.7641605019569397, 0.9455555039644243], [-1.6900122523307801, 2.759394053220749], [-1.7112989366054534, 2.478064280748367], [-1.758002656698227, 3.0558807000517847], [-1.8356576323509217, 3.662991696000099]]",Normal,1.0,1,1.0,"[11, 47, 37, 31, 16, 34, 39, 19, 29]","[274, 1216, 963, 817, 496, 840, 1039, 565, 746]",9,9
"[[0.9300264477729798, 4.918055617809296], [0.14765142649412155, 8.503047822725428], [2.202068034410477, 5.773335274457931], [3.264838366508484, 7.891181797981262]]",Anomalous,1.0,1,1.0,"[8, 48, 18, 31]","[239, 1262, 513, 817]",5,5
"[[0.9300264477729798, 4.918055617809296], [0.14765142649412155, 7.9829153724181925], [1.1763748466968535, 6.583062237501144], [-1.8555157244205476, 2.8624915739893915]]",Anomalous,1.0,1,1.0,"[8, 48, 49, 11]","[239, 1262, 1263, 274]",8,8
"[[0.14765142649412155, 6.848194845020771], [0.35408629745244946, 6.544960600435735], [1.7320358258485795, 5.78008632838726]]",Anomalous,1.0,1,1.0,"[48, 15, 31]","[1262, 474, 817]",19,19
"[[0.9300264477729798, 4.918055617809296], [-1.0841038933699505, 6.544960600435735], [1.408776108920574, 7.75085371285677], [-1.692567104101181, 2.891884127259255], [-0.07869527190923709, 4.678082440793514], [0.595992523431778, 4.180502933263779]]",Anomalous,1.0,1,1.0,"[8, 15, 10, 20, 40, 14]","[239, 474, 245, 566, 1049, 446]",6,6
"[[4.124330026885821, 7.75085371285677], [-1.692567104101181, 2.891884127259255], [3.1077651699358744, 4.184756052643061], [2.0910538363456723, 9.836680538654328], [-1.6931957185268403, 2.464584268331528]]",Anomalous,1.0,1,0.1,"[10, 20, 29, 38, 22]","[245, 566, 746, 980, 613]",0,0
"[[0.14765142649412155, 6.848194845020771], [-0.791398646622119, 5.78008632838726], [7.859528556466103, 9.570336308465041]]",Anomalous,1.0,1,0.1,"[48, 31, 29]","[1262, 817, 746]",0,0
"[[-1.6227943122386934, 2.8923924192786217], [0.06150343477726006, 4.25525853574276], [-1.8260549545288087, 0.910751874446869], [1.8896980887651442, 6.885842263102532], [-1.9531167209148408, 3.266707724928856], [-1.3166036960482597, 3.052837526500225], [-0.6604815155267716, 2.3830334573984144]]",Anomalous,1.0,1,1.0,"[49, 34, 33, 15, 12, 19, 26]","[1263, 840, 830, 474, 345, 565, 717]",4,4
"[[-0.07869527190923709, 4.678082440793514], [-0.7118946880102159, 5.279513058066368], [-1.7161404550075532, 1.7591201013326643], [-0.22677694678306604, 2.814354289770127], [1.1044598197937012, 5.171438636779785], [3.9236804896593096, 6.668971831202507], [0.148958386182785, 3.7070913898944857], [-0.18058345973491674, 3.7782707041502]]",Anomalous,1.0,1,0.1,"[40, 9, 13, 15, 33, 36, 43, 44]","[1049, 240, 408, 474, 830, 882, 1094, 1123]",0,0
"[[-1.692567104101181, 2.891884127259255], [3.26337050139904, 7.025436413884163], [-0.20549165248870827, 5.334780325889588], [0.14765142649412155, 6.848194845020771], [-1.5301335322856904, 3.6963441836833955]]",Anomalous,1.0,1,1.0,"[20, 36, 7, 48, 29]","[566, 882, 228, 1262, 746]",5,5
"[[0.35408629745244946, 6.544960600435735], [1.7320358258485795, 5.78008632838726], [1.408776108920574, 7.75085371285677], [4.573259280920029, 7.565402103662491]]",Anomalous,1.0,1,1.0,"[15, 31, 10, 18]","[474, 817, 245, 513]",3,3
"[[-0.07869527190923709, 4.678082440793514], [0.9300264477729798, 4.918055617809296], [1.7320358258485795, 5.78008632838726], [2.671435213088989, 6.031020307540894]]",Anomalous,1.0,1,1.0,"[40, 8, 31, 3]","[1049, 239, 817, 138]",3,3
"[[0.14765142649412155, 6.848194845020771], [0.35408629745244946, 6.544960600435735], [1.8967570105195044, 6.092285271584988]]",Anomalous,1.0,1,1.0,"[48, 15, 10]","[1262, 474, 245]",10,10
"[[0.35408629745244946, 4.687219044714949], [-1.7641605019569397, 4.455436258316039], [2.5689749565720557, 7.344875827729702], [1.408776108920574, 6.092285271584988], [-1.7485407590866089, 1.7460178293287754], [0.14765142649412155, 6.848194845020771]]",Anomalous,1.0,1,1.0,"[15, 16, 19, 10, 46, 48]","[474, 496, 565, 245, 1205, 1262]",4,4
"[[-1.0841038933699505, 6.544960600435735], [-1.7641605019569397, 4.455436258316039], [4.5365148958906705, 7.344875827729702], [1.408776108920574, 7.75085371285677], [-1.787373811006546, 3.256245295703411]]",Anomalous,1.0,1,1.0,"[15, 16, 19, 10, 3]","[474, 496, 565, 245, 138]",2,2
"[[2.5689749565720557, 7.344875827729702], [1.1422255262732506, 3.8575212731957436]]",Anomalous,1.0,1,1.0,"[19, 15]","[565, 474]",9,9
"[[-0.07869527190923709, 4.678082440793514], [1.7320358258485795, 5.78008632838726], [-1.9106114029884338, 2.108772132769227], [-0.5652698650152559, 3.8893545421957967], [1.7327431365847588, 6.800495274364948]]",Anomalous,1.0,1,1.0,"[40, 31, 5, 4, 47]","[1049, 817, 217, 140, 1216]",5,5
"[[-0.07869527190923709, 4.678082440793514], [1.7320358258485795, 5.78008632838726], [-1.9106114029884338, 2.108772132769227], [-0.5652698650152559, 3.8893545421957967], [1.7327431365847588, 6.800495274364948], [-1.7161404550075532, 2.2829869788885118]]",Anomalous,1.0,1,1.0,"[40, 31, 5, 4, 47, 13]","[1049, 817, 217, 140, 1216, 408]",4,4
"[[3.26337050139904, 7.025436413884163], [0.14765142649412155, 6.848194845020771], [-0.791398646622119, 5.78008632838726], [-0.07869527190923709, 4.678082440793514]]",Anomalous,1.0,1,1.0,"[36, 48, 31, 40]","[882, 1262, 817, 1049]",5,5
"[[0.14765142649412155, 6.848194845020771], [0.35408629745244946, 6.885842263102532], [1.7320358258485795, 5.78008632838726], [-1.3166036960482597, 3.052837526500225], [0.42436992675065976, 3.802003745734692], [-1.877646416425705, 4.413619355857372], [-1.8260549545288087, 4.582931475639343]]",Anomalous,1.0,1,1.0,"[48, 15, 31, 19, 20, 26, 33]","[1262, 474, 817, 565, 566, 717, 830]",2,2
"[[-1.6672115206718445, 0.45203138600608517], [-1.6811786472797394, 1.2605786016583442], [-1.8635925769805908, 1.4019608950614928], [-1.2518819496035576, 5.9194654151797295], [-1.71348152756691, 2.0750468742847445], [0.9455555039644243, 2.3819000799784034], [-1.6227943122386934, 1.1520590204000474], [-1.82147895693779, 0.9656536144018173], [-1.6931957185268403, 2.089929431974888], [-1.8440534591674804, 2.0950475454330446]]",Normal,1.0,1,1.0,"[32, 31, 37, 47, 35, 16, 49, 45, 22, 23]","[825, 817, 963, 1216, 847, 496, 1263, 1147, 613, 659]",13,13
"[[-1.6672115206718445, 0.45203138600608517], [-1.8555157244205476, 2.276870270371437], [-1.6811786472797394, 1.2605786016583442], [-1.71348152756691, 1.1512669160962106], [-1.6227943122386934, 1.6008550608158112], [-1.6797260224819184, 1.5988639277219772], [-1.82147895693779, 2.473960210680962]]",Normal,1.0,1,1.0,"[32, 11, 31, 35, 49, 15, 45]","[825, 274, 817, 847, 1263, 474, 1147]",260,260
"[[0.14765142649412155, 6.848194845020771], [0.35408629745244946, 6.544960600435735], [-0.7949713754989185, 5.78008632838726], [3.4384776654839513, 9.154088824689389]]",Anomalous,1.0,1,1.0,"[48, 15, 31, 27]","[1262, 474, 817, 733]",4,4
"[[-0.07869527190923709, 4.678082440793514], [1.7320358258485795, 6.658336761574802], [-1.9106114029884338, 2.108772132769227], [2.003959903717041, 5.092623462677002], [-1.877646416425705, 1.1577765583992006]]",Anomalous,1.0,1,0.1,"[40, 31, 5, 18, 26]","[1049, 817, 217, 513, 717]",0,0
"[[-1.2518819496035576, 4.398005279154974], [-1.7641605019569397, 0.9455555039644243], [-1.6900122523307801, 2.759394053220749], [-1.7112989366054534, 2.478064280748367], [-1.758002656698227, 3.0558807000517847], [-1.7288547396659852, 3.8248780775070195], [-1.6811786472797394, 2.667912869155407], [-1.6441999614238738, 2.0598203906416894]]",Normal,1.0,1,1.0,"[47, 16, 34, 39, 19, 43, 31, 10]","[1216, 496, 840, 1039, 565, 1094, 817, 245]",106,106
"[[-1.7641605019569397, 0.9455555039644243], [-1.6811786472797394, 2.667912869155407], [-1.6441999614238738, 2.0598203906416894], [-1.8555157244205476, 2.276870270371437], [-1.8440534591674804, 2.0950475454330446], [-1.71348152756691, 2.4739576002955435], [-1.4363765656948093, 5.189527028799057]]",Normal,1.0,1,1.0,"[16, 31, 10, 11, 23, 35, 46]","[496, 817, 245, 274, 659, 847, 1205]",98,98
"[[-1.6811786472797394, 1.2605786016583442], [-1.82147895693779, 2.473960210680962], [-1.6672115206718445, 0.45203138600608517], [-1.6227943122386934, 1.6008550608158112], [-1.758002656698227, 3.0558807000517847], [-1.6900122523307801, 2.759394053220749], [-1.7112989366054534, 2.478064280748367], [-1.7288547396659852, 3.8248780775070195], [-1.2518819496035576, 4.398005279154974], [-1.2797179317474363, 3.967212448120117]]",Normal,1.0,1,1.0,"[31, 45, 32, 49, 19, 34, 39, 43, 47, 25]","[817, 1147, 825, 1263, 565, 840, 1039, 1094, 1216, 690]",92,92
"[[1.7320358258485795, 5.78008632838726], [-0.07869527190923709, 4.678082440793514]]",Anomalous,1.0,1,1.0,"[31, 40]","[817, 1049]",3,3
"[[-1.6797260224819184, 1.5988639277219772], [-1.6672115206718445, 0.45203138600608517], [-1.6227943122386934, 1.6008550608158112], [-1.8555157244205476, 2.276870270371437], [-1.8440534591674804, 2.0950475454330446]]",Normal,1.0,1,1.0,"[15, 32, 49, 11, 23]","[474, 825, 1263, 274, 659]",75,75
"[[-1.6811786472797394, 1.2605786016583442], [-1.82147895693779, 2.473960210680962], [-1.71348152756691, 2.4739576002955435], [0.9455555039644243, 2.3819000799784034], [-1.2112549889119049, 1.4019608950614928], [-1.2518819496035576, 5.9194654151797295], [-1.414441018104553, 2.675845890045166]]",Normal,1.0,1,1.0,"[31, 45, 35, 16, 37, 47, 29]","[817, 1147, 847, 496, 963, 1216, 746]",4,4
"[[1.7320358258485795, 5.78008632838726], [1.7327431365847588, 4.9930646635771945], [0.35408629745244946, 1.3869977673888205]]",Anomalous,1.0,1,0.1,"[31, 47, 15]","[817, 1216, 474]",0,0
"[[4.124330026885821, 7.75085371285677], [-1.692567104101181, 2.891884127259255], [-0.7124458218639989, 9.836680538654328], [-1.6931957185268403, 2.464584268331528], [1.7320358258485795, 5.78008632838726], [-0.07869527190923709, 4.678082440793514], [1.7456463992595674, 5.959744054079056]]",Anomalous,1.0,1,0.1,"[10, 20, 38, 22, 31, 40, 26]","[245, 566, 980, 613, 817, 1049, 717]",0,0
"[[-1.82147895693779, 2.473960210680962], [-1.71348152756691, 2.4739576002955435], [-1.6672115206718445, 0.45203138600608517], [-1.6227943122386934, 1.6008550608158112], [-1.7641605019569397, 0.9455555039644243], [-1.6900122523307801, 2.759394053220749], [-1.7112989366054534, 2.478064280748367]]",Normal,1.0,1,1.0,"[45, 35, 32, 49, 16, 34, 39]","[1147, 847, 825, 1263, 496, 840, 1039]",60,60
"[[-1.8635925769805908, 1.4019608950614928], [-1.758002656698227, 3.0558807000517847], [-1.7288547396659852, 3.8248780775070195], [-1.6811786472797394, 2.667912869155407], [-1.6441999614238738, 2.0598203906416894], [-1.8555157244205476, 2.276870270371437], [-1.8440534591674804, 2.0950475454330446]]",Normal,1.0,1,1.0,"[37, 19, 43, 31, 10, 11, 23]","[963, 565, 1094, 817, 245, 274, 659]",68,68
"[[-1.6227943122386934, 2.8923924192786217], [1.8896980887651442, 6.885842263102532], [-1.3166036960482597, 3.052837526500225], [0.42436992675065976, 3.802003745734692], [3.198691818714142, 10.091564041376113], [-1.8260549545288087, 0.910751874446869]]",Anomalous,1.0,1,0.1,"[49, 15, 19, 20, 17, 33]","[1263, 474, 565, 566, 500, 830]",0,0
"[[-1.6227943122386934, 2.8923924192786217], [1.8896980887651442, 6.885842263102532], [-1.9531167209148408, 3.266707724928856], [-1.3166036960482597, 3.052837526500225], [0.42436992675065976, 3.802003745734692], [3.825316566228867, 0.4024876892566682], [-1.877646416425705, 2.4873496741056442]]",Anomalous,1.0,1,0.1,"[49, 15, 12, 19, 20, 17, 26]","[1263, 474, 345, 565, 566, 500, 717]",0,0
"[[-1.6811786472797394, 2.667912869155407], [-1.6227943122386934, 1.6008550608158112], [-1.82147895693779, 2.473960210680962], [-1.6900122523307801, 2.759394053220749], [-1.7112989366054534, 2.478064280748367], [-1.7288547396659852, 3.8248780775070195], [-1.8635925769805908, 1.541440441608429]]",Normal,1.0,1,1.0,"[31, 49, 45, 34, 39, 43, 37]","[817, 1263, 1147, 840, 1039, 1094, 963]",56,56
"[[-1.2518819496035576, 4.398005279154974], [-1.7641605019569397, 0.9455555039644243], [-1.758002656698227, 3.0558807000517847], [-1.6811786472797394, 1.2605786016583442], [-1.6441999614238738, 2.0598203906416894], [-1.8555157244205476, 2.276870270371437], [-1.6797260224819184, 1.5988639277219772], [-1.6672115206718445, 0.45203138600608517], [-1.71348152756691, 1.1512669160962106]]",Normal,1.0,1,1.0,"[47, 16, 19, 31, 10, 11, 15, 32, 35]","[1216, 496, 565, 817, 245, 274, 474, 825, 847]",48,48
"[[-1.8635925769805908, 1.4019608950614928], [-1.7288547396659852, 3.8248780775070195], [-1.6811786472797394, 1.2605786016583442], [-1.8555157244205476, 2.276870270371437], [-1.8440534591674804, 2.0950475454330446], [-1.6797260224819184, 1.5988639277219772], [-1.7641605019569397, 0.9455555039644243], [-1.71348152756691, 1.1512669160962106], [-1.7686191916465759, 3.100526831150055]]",Normal,1.0,1,1.0,"[37, 43, 31, 11, 23, 15, 16, 35, 41]","[963, 1094, 817, 274, 659, 474, 496, 847, 1064]",31,31
"[[-1.7641605019569397, 0.9455555039644243], [-1.6811786472797394, 2.667912869155407], [-1.6441999614238738, 2.0598203906416894], [-1.8555157244205476, 2.276870270371437], [-1.71348152756691, 2.4739576002955435], [-1.4363765656948093, 5.189527028799057], [-1.6973470151424408, 1.4880121052265167]]",Normal,1.0,1,1.0,"[16, 31, 10, 11, 35, 46, 47]","[496, 817, 245, 274, 847, 1205, 1216]",12,12
"[[1.1763748466968535, 6.583062237501144], [-0.7949713754989185, 5.78008632838726], [0.14448357582092264, 5.8602375888824465], [-1.7437106370925903, 3.069499155879021]]",Anomalous,1.0,1,0.1,"[49, 31, 33, 14]","[1263, 817, 830, 446]",0,0
"[[3.786336755156517, 9.332838202118873], [0.9300264477729798, 4.918055617809296], [0.14765142649412155, 6.848194845020771], [1.0822836065292358, 3.887734303474426]]",Anomalous,1.0,1,0.1,"[43, 8, 48, 37]","[1094, 239, 1262, 963]",0,0
"[[-2.9759558635950087, 2.276870270371437], [-1.788738397359848, 0.7964785373210908], [-2.364049025774002, 1.6008550608158112], [-1.2518819496035576, 5.9194654151797295], [-2.4825093007087706, 1.4019608950614928], [-2.7124710083007812, 1.7924783825874329], [-2.498325436413288, 1.2605786016583442], [-2.528385607600212, 1.5988639277219772]]",Normal,0.9972086531751571,1,0.9724345573345861,"[11, 30, 49, 47, 37, 32, 31, 15]","[274, 766, 1263, 1216, 963, 825, 817, 474]",1429,1433
"[[-1.6797260224819184, 1.5988639277219772], [-1.8440534591674804, 2.0950475454330446], [-1.6811786472797394, 1.2605786016583442], [-1.8635925769805908, 1.4019608950614928], [-1.2518819496035576, 5.9194654151797295], [-1.6900122523307801, 2.759394053220749], [-1.6227943122386934, 1.6008550608158112]]",Normal,0.9969418960244648,1,0.9698363866140541,"[15, 23, 31, 37, 47, 34, 49]","[474, 659, 817, 963, 1216, 840, 1263]",326,327
"[[-1.6797260224819184, 1.5988639277219772], [-1.6227943122386934, 1.6008550608158112], [-1.8440534591674804, 2.0950475454330446], [-1.6811786472797394, 1.2605786016583442], [-1.8635925769805908, 1.4019608950614928], [-1.2518819496035576, 5.9194654151797295], [-1.6900122523307801, 2.759394053220749], [-1.8122935175895691, 1.0862706804275513]]",Normal,0.9965635738831615,1,0.9661623043960744,"[15, 49, 23, 31, 37, 47, 34, 38]","[474, 1263, 659, 817, 963, 1216, 840, 980]",870,873
"[[-0.8253796631853527, 1.5988639277219772], [-1.6672115206718445, 0.45203138600608517], [-1.8440534591674804, 2.0950475454330446], [-1.8555157244205476, 2.276870270371437], [-1.6811786472797394, 1.2605786016583442], [-1.8635925769805908, 1.4019608950614928], [-1.2518819496035576, 5.9194654151797295], [-1.6931957185268403, 2.089929431974888], [-1.6900122523307801, 2.759394053220749], [-1.71348152756691, 1.1512669160962106]]",Normal,0.9965277777777778,1,0.9658153194280867,"[15, 32, 23, 11, 31, 37, 47, 22, 34, 35]","[474, 825, 659, 274, 817, 963, 1216, 613, 840, 847]",287,288
"[[-1.6797260224819184, 1.5988639277219772], [-1.8440534591674804, 2.0950475454330446], [-1.6811786472797394, 1.2605786016583442], [-1.2112549889119049, 1.4019608950614928], [-1.82147895693779, 2.473960210680962], [-1.71348152756691, 2.4739576002955435]]",Normal,0.9964912280701754,1,0.9654611452376132,"[15, 23, 31, 37, 45, 35]","[474, 659, 817, 963, 1147, 847]",284,285
"[[-1.6797260224819184, 1.5988639277219772], [-1.6672115206718445, 0.45203138600608517], [-1.6227943122386934, 1.6008550608158112], [-1.8440534591674804, 2.0950475454330446], [-1.6811786472797394, 1.2605786016583442], [-1.8635925769805908, 1.4019608950614928], [-1.2518819496035576, 5.9194654151797295], [-1.6931957185268403, 2.089929431974888], [-1.6900122523307801, 2.759394053220749]]",Normal,0.9964601769911504,1,0.965160345730656,"[15, 32, 49, 23, 31, 37, 47, 22, 34]","[474, 825, 1263, 659, 817, 963, 1216, 613, 840]",1126,1130
"[[-1.6672115206718445, 0.45203138600608517], [-1.8440534591674804, 2.0950475454330446], [-1.8555157244205476, 2.276870270371437], [-1.6811786472797394, 1.2605786016583442], [-1.8635925769805908, 1.4019608950614928], [-1.6931957185268403, 2.089929431974888], [-1.71348152756691, 1.1512669160962106], [-1.6227943122386934, 1.1520590204000474]]",Normal,0.996268656716418,1,0.9633069050675079,"[32, 23, 11, 31, 37, 22, 35, 49]","[825, 659, 274, 817, 963, 613, 847, 1263]",267,268
"[[-1.6797260224819184, 1.5988639277219772], [-1.6672115206718445, 0.34567611770379947], [-1.6227943122386934, 1.6008550608158112], [-1.8440534591674804, 2.0950475454330446], [-1.2112549889119049, 1.4019608950614928], [-1.2518819496035576, 5.9194654151797295], [-1.6500760436058046, 0.7964785373210908], [-1.6491265833377837, 1.584968847334385], [-1.8202207028865816, 2.740425801873207]]",Normal,0.9961977186311787,1,0.9626212139610087,"[15, 32, 49, 23, 37, 47, 30, 48, 25]","[474, 825, 1263, 659, 963, 1216, 766, 1262, 690]",786,789
"[[-1.8555157244205476, 2.276870270371437], [-1.6500760436058046, 0.7964785373210908], [-1.6227943122386934, 1.6008550608158112], [-1.2518819496035576, 5.9194654151797295], [-1.8635925769805908, 1.4019608950614928], [-1.6811786472797394, 1.2605786016583442], [-1.6797260224819184, 1.5988639277219772], [-1.7437106370925903, 3.9197131872177122]]",Normal,0.9955197132616488,1,0.9560897084749749,"[11, 30, 49, 47, 37, 31, 15, 14]","[274, 766, 1263, 1216, 963, 817, 474, 446]",1111,1116
"[[-1.6227943122386934, 1.6008550608158112], [-1.6931957185268403, 2.089929431974888], [-1.6758379220962525, 3.414409790635109], [-1.776373201608658, -1.776373201608658], [-1.6797260224819184, 1.5988639277219772], [-1.6811786472797394, 1.2605786016583442], [-1.6672115206718445, 1.7924783825874329], [-1.7283964157104492, 1.2384260892868042], [-1.71994446516037, 2.242825922369957]]",Normal,0.9952633546087056,1,0.09539797294569985,"[49, 22, 21, 0, 15, 31, 32, 46, 44]","[1263, 613, 612, 27, 474, 817, 825, 1205, 1123]",0,0
"[[-1.6797260224819184, 1.5988639277219772], [-1.6672115206718445, 0.45203138600608517], [-1.8440534591674804, 2.0950475454330446], [-1.8555157244205476, 2.276870270371437], [-1.6811786472797394, 1.2605786016583442], [-1.8635925769805908, 1.4019608950614928], [-1.2518819496035576, 5.9194654151797295], [-1.6931957185268403, 2.089929431974888]]",Normal,0.995049504950495,1,0.9515834490907876,"[15, 32, 23, 11, 31, 37, 47, 22]","[474, 825, 659, 274, 817, 963, 1216, 613]",402,404
"[[-1.6797260224819184, 1.5988639277219772], [-1.6672115206718445, 0.45203138600608517], [-1.6227943122386934, 1.6008550608158112], [-1.8440534591674804, 2.0950475454330446], [-1.8555157244205476, 2.276870270371437], [-1.6811786472797394, 1.2605786016583442], [-1.8635925769805908, 1.4019608950614928], [-1.2518819496035576, 5.877564970146488], [-1.6931957185268403, 2.089929431974888]]",Normal,0.9949367088607595,1,0.9505053102064951,"[15, 32, 49, 23, 11, 31, 37, 47, 22]","[474, 825, 1263, 659, 274, 817, 963, 1216, 613]",393,395
"[[-1.6797260224819184, 1.5988639277219772], [-1.6672115206718445, 0.45203138600608517], [-1.8440534591674804, 2.0950475454330446], [-1.8555157244205476, 5.315393167812049], [-1.6811786472797394, 1.2605786016583442], [-1.8635925769805908, 1.4019608950614928], [-1.2518819496035576, 5.9194654151797295], [-1.6931957185268403, 2.089929431974888]]",Normal,0.9949109414758269,1,0.9502591721174669,"[15, 32, 23, 11, 31, 37, 47, 22]","[474, 825, 659, 274, 817, 963, 1216, 613]",391,393
"[[-1.6797260224819184, 1.5988639277219772], [-1.6672115206718445, 0.45203138600608517], [-1.8440534591674804, 2.0950475454330446], [-1.6811786472797394, 1.2605786016583442], [-1.2112549889119049, 1.4019608950614928], [-1.2518819496035576, 5.9194654151797295], [-1.7676193594932557, 2.4430514389276503], [-1.71348152756691, 2.0750468742847445]]",Normal,0.9945533769063181,1,0.9468495199642176,"[15, 32, 23, 31, 37, 47, 2, 35]","[474, 825, 659, 817, 963, 1216, 118, 847]",913,918
"[[-1.6797260224819184, 1.5988639277219772], [-1.6672115206718445, 0.45203138600608517], [-1.8635925769805908, 1.4019608950614928], [-1.2518819496035576, 5.9194654151797295], [-1.6900122523307801, 2.759394053220749], [-1.7437106370925903, 2.9472451537847517], [-1.7676193594932557, 2.4430514389276503], [-1.8440534591674804, 2.0950475454330446], [-1.7288547396659852, 2.2602504158020023]]",Normal,0.9944629014396457,1,0.9459885144778756,"[15, 32, 37, 47, 34, 14, 2, 23, 43]","[474, 825, 963, 1216, 840, 446, 118, 659, 1094]",898,903
"[[-1.6797260224819184, 1.5988639277219772], [-1.6227943122386934, 1.6008550608158112], [-1.8440534591674804, 2.0950475454330446], [-1.6811786472797394, 1.2605786016583442], [-1.2112549889119049, 1.4019608950614928], [-1.8555157244205476, 2.276870270371437]]",Normal,0.9941118743866536,1,0.9426546485854261,"[15, 49, 23, 31, 37, 11]","[474, 1263, 659, 817, 963, 274]",1013,1019
"[[-1.6797260224819184, 1.5988639277219772], [-1.6672115206718445, 0.45203138600608517], [-1.6227943122386934, 1.6008550608158112], [-1.8440534591674804, 2.0950475454330446], [-1.6811786472797394, 1.2605786016583442], [-1.8635925769805908, 1.4019608950614928], [-1.6931957185268403, 2.089929431974888], [-1.6900122523307801, 2.759394053220749], [-1.680296015739441, 1.6251187121868136]]",Normal,0.9940828402366864,1,0.9423793719253628,"[15, 32, 49, 23, 31, 37, 22, 34, 28]","[474, 825, 1263, 659, 817, 963, 613, 840, 743]",504,507
"[[-1.6797260224819184, 1.5988639277219772], [-1.6672115206718445, 0.45203138600608517], [-1.8440534591674804, 2.0950475454330446], [-1.8555157244205476, 2.276870270371437], [-1.6811786472797394, 1.2605786016583442], [-1.8635925769805908, 4.4144555007600506], [-1.6931957185268403, 2.089929431974888], [-1.7641605019569397, 0.9455555039644243], [-1.71348152756691, 4.33776993304491]]",Normal,0.9938574938574939,1,0.9402452914195708,"[15, 32, 23, 11, 31, 37, 22, 16, 35]","[474, 825, 659, 274, 817, 963, 613, 496, 847]",809,814
"[[-1.6797260224819184, 1.5988639277219772], [-1.6227943122386934, 1.6008550608158112], [-1.8440534591674804, 2.0950475454330446], [-1.6811786472797394, 1.2605786016583442], [-1.2112549889119049, 1.4019608950614928], [-1.2518819496035576, 5.9194654151797295], [-1.7075185239315034, 3.439364424347878]]",Normal,0.9938042131350682,1,0.9397413472950055,"[15, 49, 23, 31, 37, 47, 4]","[474, 1263, 659, 817, 963, 1216, 140]",802,807
"[[-1.6797260224819184, 1.5988639277219772], [-1.6227943122386934, 1.6008550608158112], [-1.6811786472797394, 1.2605786016583442], [-1.8555157244205476, 2.276870270371437], [-1.7437106370925903, 6.649629244184563], [-1.71348152756691, 1.1512669160962106]]",Normal,0.9936305732484076,1,0.9381006987557918,"[15, 49, 31, 11, 14, 35]","[474, 1263, 817, 274, 446, 847]",156,157
"[[-1.6500760436058046, 0.7964785373210908], [-1.6227943122386934, 1.6008550608158112], [-1.2518819496035576, 5.9194654151797295], [-1.8635925769805908, 1.4019608950614928], [-1.6672115206718445, 1.7924783825874329], [-1.6811786472797394, 4.037969392265343], [-1.6797260224819184, 1.5988639277219772]]",Normal,0.9934762348555451,1,0.9366445862029823,"[30, 49, 47, 37, 32, 31, 15]","[766, 1263, 1216, 963, 825, 817, 474]",1066,1073
"[[-1.6672115206718445, 0.45203138600608517], [-1.6227943122386934, 1.6008550608158112], [-1.8440534591674804, 2.0950475454330446], [-1.6811786472797394, 1.2605786016583442], [-1.8635925769805908, 1.4019608950614928], [-1.6900122523307801, 2.759394053220749], [-1.7641605019569397, 0.9455555039644243], [-1.776373201608658, 0.672767476439476], [-1.6950858235359192, 2.4694437235593796]]",Normal,0.9930843706777317,1,0.9329566603850541,"[32, 49, 23, 31, 37, 34, 16, 0, 24]","[825, 1263, 659, 817, 963, 840, 496, 27, 680]",718,723
"[[-1.8555157244205476, 2.276870270371437], [-1.2518819496035576, 4.398005279154974], [-1.8635925769805908, 1.4019608950614928], [-1.6811786472797394, 1.2605786016583442], [-1.7641605019569397, 0.9455555039644243], [-1.6900122523307801, 2.759394053220749], [-1.7112989366054534, 2.478064280748367], [-1.758002656698227, 3.0558807000517847]]",Normal,0.9928656361474435,1,0.9309037865726293,"[11, 47, 37, 31, 16, 34, 39, 19]","[274, 1216, 963, 817, 496, 840, 1039, 565]",835,841
"[[-1.8555157244205476, 2.276870270371437], [-1.6500760436058046, 0.7964785373210908], [-1.6227943122386934, 1.6008550608158112], [-1.2518819496035576, 5.9194654151797295], [-1.8635925769805908, 1.4019608950614928], [-1.6672115206718445, 1.7924783825874329], [-1.6797260224819184, 1.5988639277219772], [-0.6603282803297044, 2.1652479285001753]]",Normal,0.9928122192273136,1,0.9304030745498085,"[11, 30, 49, 47, 37, 32, 15, 43]","[274, 766, 1263, 1216, 963, 825, 474, 1094]",1105,1113
"[[-1.6227943122386934, 1.6008550608158112], [-1.8440534591674804, 2.0950475454330446], [-1.6973470151424408, 5.9194654151797295], [-1.6758379220962525, -1.0561340148206582], [-1.8202207028865816, 3.0190204501152036], [-1.7283964157104492, 1.2384260892868042], [-1.7309508681297303, 2.055973590165377]]",Normal,0.9927184466019418,1,0.09317756829452196,"[49, 23, 47, 21, 25, 46, 36]","[1263, 659, 1216, 612, 690, 1205, 882]",0,0
"[[-1.6227943122386934, 1.6008550608158112], [-1.6973470151424408, 5.9194654151797295], [-1.8635925769805908, 1.4019608950614928], [-1.6811786472797394, 1.2605786016583442], [-1.6797260224819184, 1.5988639277219772], [-1.6900122523307801, 2.109141991138458]]",Normal,0.992619926199262,1,0.9286025913712098,"[49, 47, 37, 31, 15, 34]","[1263, 1216, 963, 817, 474, 840]",1076,1084
"[[-1.6797260224819184, 1.5988639277219772], [-1.6672115206718445, 0.45203138600608517], [-1.8440534591674804, 2.0950475454330446], [-1.8555157244205476, 2.276870270371437], [-1.6811786472797394, 1.2605786016583442], [-1.2518819496035576, 5.9194654151797295], [-1.6931957185268403, 2.089929431974888]]",Normal,0.9926108374384236,1,0.9285175689079154,"[15, 32, 23, 11, 31, 47, 22]","[474, 825, 659, 274, 817, 1216, 613]",403,406
"[[-1.82147895693779, 1.9793232223391533], [-1.7686191916465759, 1.961052010059357], [-1.6797260224819184, 1.5988639277219772], [-1.6672115206718445, 1.7924783825874329], [-1.6227943122386934, 1.6008550608158112], [-1.7283964157104492, 1.2384260892868042]]",Normal,0.9924812030075187,1,0.9273056424727252,"[45, 41, 15, 32, 49, 46]","[1147, 1064, 474, 825, 1263, 1205]",1452,1463
"[[-1.6672115206718445, 0.45203138600608517], [-1.6227943122386934, 1.6008550608158112], [-1.8440534591674804, 2.0950475454330446], [-1.8635925769805908, 1.4019608950614928], [-1.2518819496035576, 5.9194654151797295], [-1.6931957185268403, 2.089929431974888], [-1.776373201608658, 0.672767476439476], [-1.7641605019569397, 0.9455555039644243], [-1.6900122523307801, 2.759394053220749], [-1.7288547396659852, 2.610907929539681]]",Normal,0.9924050632911392,1,0.9265944912802244,"[32, 49, 23, 37, 47, 22, 0, 16, 34, 43]","[825, 1263, 659, 963, 1216, 613, 27, 496, 840, 1094]",784,790
"[[-1.6811786472797394, 1.2605786016583442], [-1.6797260224819184, 1.5988639277219772], [-1.82147895693779, 2.473960210680962], [-1.8635925769805908, 1.4019608950614928], [-1.6621647700667381, 1.0338782295584679]]",Normal,0.9921875,1,0.924565136596599,"[31, 15, 45, 37, 27]","[817, 474, 1147, 963, 733]",254,256
"[[-1.6797260224819184, 1.5988639277219772], [-1.6672115206718445, 0.45203138600608517], [-1.8440534591674804, 2.0950475454330446], [-1.8555157244205476, 5.315393167812049], [-1.6811786472797394, 1.2605786016583442], [-1.8635925769805908, 1.4019608950614928], [-1.2518819496035576, 5.9194654151797295], [-1.758002656698227, 2.4313226082921027]]",Normal,0.9921052631578947,1,0.9237991023083405,"[15, 32, 23, 11, 31, 37, 47, 19]","[474, 825, 659, 274, 817, 963, 1216, 565]",377,380
"[[-1.6500760436058046, 0.7964785373210908], [-1.2518819496035576, 5.9194654151797295], [-1.6811786472797394, 1.2605786016583442], [-1.6797260224819184, 1.5988639277219772], [-1.8635925769805908, 1.4019608950614928], [-1.8260549545288087, 0.8700260376930238]]",Normal,0.9917763157894737,1,0.9207406740164555,"[30, 47, 31, 15, 37, 33]","[766, 1216, 817, 474, 963, 830]",1206,1216
"[[-1.8555157244205476, 2.276870270371437], [-1.6500760436058046, 0.7964785373210908], [-1.2518819496035576, 5.9194654151797295], [-1.6811786472797394, 1.2605786016583442], [-1.6797260224819184, 1.5988639277219772], [-1.7676193594932557, 2.4430514389276503], [-1.6758379220962525, 3.414409790635109]]",Normal,0.9916608756080612,1,0.9196695170194095,"[11, 30, 47, 31, 15, 2, 21]","[274, 766, 1216, 817, 474, 118, 612]",1427,1439
"[[-1.6811786472797394, 1.2605786016583442], [-1.6931957185268403, 2.089929431974888], [-1.782410603761673, 2.8492674830555917], [-1.8555157244205476, 2.276870270371437], [-1.8440534591674804, 2.0950475454330446], [-1.6672115206718445, 0.45203138600608517], [-1.8635925769805908, 1.4019608950614928], [-1.8122935175895691, 3.9998218756914135]]",Normal,0.9915492957746479,1,0.9186352458123892,"[31, 22, 40, 11, 23, 32, 37, 38]","[817, 613, 1049, 274, 659, 825, 963, 980]",352,355
"[[-1.6811786472797394, 1.2605786016583442], [-1.8635925769805908, 1.4019608950614928], [-1.71348152756691, 2.4739576002955435], [-1.6621647700667381, 1.0338782295584679], [-1.7288547396659852, 3.00705656349659]]",Normal,0.9915254237288136,1,0.918414103736242,"[31, 37, 35, 27, 43]","[817, 963, 847, 733, 1094]",117,118
"[[-1.6672115206718445, 1.1384358620643615], [-1.8440534591674804, 2.0950475454330446], [-1.8635925769805908, 1.4019608950614928], [-1.6811786472797394, 1.2605786016583442], [-1.6931957185268403, 1.6971513777971268], [-1.603154443204403, 0.857474111020565], [-1.7161404550075532, 1.1482580628991126]]",Normal,0.9913232104121475,1,0.916542793005341,"[32, 23, 37, 31, 22, 35, 13]","[825, 659, 963, 817, 613, 847, 408]",457,461
"[[-1.6672115206718445, 1.7924783825874329], [-1.6811786472797394, 1.2605786016583442], [-1.8555157244205476, 2.276870270371437], [-1.6500760436058046, 0.7964785373210908], [-1.6227943122386934, 1.6008550608158112], [-1.71994446516037, 1.5150731366872785]]",Normal,0.9906621392190152,1,0.9104490685687229,"[32, 31, 11, 30, 49, 44]","[825, 817, 274, 766, 1263, 1123]",1167,1178
"[[-1.6797260224819184, 1.5988639277219772], [-1.6227943122386934, 1.6008550608158112], [-1.6811786472797394, 1.2605786016583442], [-1.8635925769805908, 1.4019608950614928], [-1.8555157244205476, 2.276870270371437], [-1.7437106370925903, 3.9197131872177122]]",Normal,0.9906103286384976,1,0.9099730253950702,"[15, 49, 31, 37, 11, 14]","[474, 1263, 817, 963, 274, 446]",211,213
"[[-1.6672115206718445, 0.45203138600608517], [-1.8555157244205476, 2.276870270371437], [-1.71348152756691, 2.3135336308469694], [-1.6227943122386934, 3.8714421083916237], [-1.6931957185268403, 2.089929431974888], [-1.7161404550075532, 3.1877595567703247], [-1.6781425714492797, 1.8539437878131868]]",Normal,0.9902912621359223,1,0.9070463302111617,"[32, 11, 35, 49, 22, 13, 18]","[825, 274, 847, 1263, 613, 408, 513]",204,206
"[[-1.6797260224819184, 1.5988639277219772], [-1.8555157244205476, 2.276870270371437], [-1.8635925769805908, 1.4019608950614928], [-1.6931957185268403, 2.089929431974888], [-1.71348152756691, 2.469725905060768], [-2.09450379550457, 1.0522777193784714]]",Normal,0.9901960784313726,1,0.9061748825855624,"[15, 11, 37, 22, 35, 44]","[474, 274, 963, 613, 847, 1123]",1111,1122
"[[-1.6672115206718445, 0.45203138600608517], [-1.6227943122386934, 1.6008550608158112], [-1.8440534591674804, 2.0950475454330446], [-1.2518819496035576, 5.9194654151797295], [-1.6931957185268403, 2.089929431974888], [-1.7676193594932557, 2.4430514389276503], [-1.6758379220962525, 3.414409790635109], [-1.776373201608658, 1.3121550747752189]]",Normal,0.9899159663865547,1,0.9036147066143632,"[32, 49, 23, 47, 22, 2, 21, 0]","[825, 1263, 659, 1216, 613, 118, 612, 27]",1178,1190
"[[-1.8635925769805908, 1.4019608950614928], [-1.6811786472797394, 1.2605786016583442], [-1.680296015739441, 1.0305288076400758], [-1.6797260224819184, 1.5988639277219772], [-1.71348152756691, 2.4739576002955435], [-1.82147895693779, 2.473960210680962]]",Normal,0.9895287958115183,1,0.9000867513898895,"[37, 31, 28, 15, 35, 45]","[963, 817, 743, 474, 847, 1147]",189,191
"[[-1.8555157244205476, 2.276870270371437], [-1.6500760436058046, 0.7964785373210908], [-1.2518819496035576, 5.9194654151797295], [-1.8635925769805908, 1.4019608950614928], [-1.6811786472797394, 1.2605786016583442], [-1.8440534591674804, 2.0950475454330446], [-1.680296015739441, 1.0305288076400758]]",Normal,0.9894179894179894,1,0.8990793514533291,"[11, 30, 47, 37, 31, 23, 28]","[274, 766, 1216, 963, 817, 659, 743]",187,189
"[[-1.6441999614238738, 1.2358380600810053], [-1.776373201608658, 1.3121550747752189], [-1.6931957185268403, 2.089929431974888], [-1.6672115206718445, 0.45203138600608517], [-1.8499676644802094, 4.994140712320805], [-1.8260549545288087, 3.381147383451462]]",Normal,0.9893822393822393,1,0.898754545419561,"[10, 0, 22, 32, 7, 33]","[245, 27, 613, 825, 228, 830]",1025,1036
"[[-1.8555157244205476, 2.276870270371437], [-1.2518819496035576, 4.398005279154974], [-1.8635925769805908, 1.4019608950614928], [-1.7641605019569397, 0.9455555039644243], [-1.6900122523307801, 2.759394053220749], [-1.7112989366054534, 2.478064280748367], [-1.758002656698227, 3.0558807000517847], [-1.4744347846508026, 1.1384358620643615]]",Normal,0.989345509893455,1,0.8984209505806682,"[11, 47, 37, 16, 34, 39, 19, 32]","[274, 1216, 963, 496, 840, 1039, 565, 825]",650,657
"[[-1.8440534591674804, 2.0950475454330446], [-1.8635925769805908, 1.4019608950614928], [-1.7075185239315034, 2.947637918293476], [-1.6811786472797394, 1.2605786016583442], [-1.6900122523307801, 2.759394053220749], [-1.8555157244205476, 3.415132050216198]]",Normal,0.9891304347826086,1,0.8964697710810422,"[23, 37, 4, 31, 34, 11]","[659, 963, 140, 817, 840, 274]",546,552
"[[-1.6672115206718445, 1.7924783825874329], [-1.8440534591674804, 2.0950475454330446], [-1.2112549889119049, 1.4019608950614928], [-1.8555157244205476, 2.276870270371437], [-1.6811786472797394, 1.2605786016583442], [-1.7112989366054534, 2.478064280748367], [-1.6931957185268403, 1.6971513777971268]]",Normal,0.9889908256880734,1,0.8952052677679346,"[32, 23, 37, 11, 31, 39, 22]","[825, 659, 963, 274, 817, 1039, 613]",539,545
"[[-1.6227943122386934, 3.8714421083916237], [-1.6811786472797394, 1.2605786016583442], [-1.8635925769805908, 1.4019608950614928], [-1.8555157244205476, 2.276870270371437], [-1.7161404550075532, 3.1877595567703247], [-1.6781425714492797, 1.8539437878131868], [-1.6950858235359192, 1.992545560002327]]",Normal,0.9888268156424581,1,0.8937218046920418,"[49, 31, 37, 11, 13, 18, 24]","[1263, 817, 963, 274, 408, 513, 680]",177,179
"[[-1.8555157244205476, 2.276870270371437], [-1.2518819496035576, 4.398005279154974], [-1.7641605019569397, 0.9455555039644243], [-1.6900122523307801, 2.759394053220749], [-1.7112989366054534, 2.478064280748367], [-1.758002656698227, 3.0558807000517847], [-1.8202207028865816, 4.29584950953722], [-1.6441999614238738, 2.320854204595089]]",Normal,0.9887429643527205,1,0.8929642287981774,"[11, 47, 16, 34, 39, 19, 25, 10]","[274, 1216, 496, 840, 1039, 565, 690, 245]",527,533
"[[-1.6672115206718445, 0.45203138600608517], [-1.8555157244205476, 2.276870270371437], [-1.71348152756691, 2.3135336308469694], [-1.7161404550075532, 3.1877595567703247], [-1.6797260224819184, 1.5988639277219772], [-1.2112549889119049, 1.4019608950614928]]",Normal,0.9887005649717514,1,0.8925813808115308,"[32, 11, 35, 13, 15, 37]","[825, 274, 847, 408, 474, 963]",175,177
"[[-1.8635925769805908, 4.4144555007600506], [-1.6227943122386934, 1.6008550608158112], [-1.6797260224819184, 1.5988639277219772], [-1.6500760436058046, 0.7964785373210908], [-1.6672115206718445, 1.7924783825874329], [-1.7368550598621368, 1.9539715707302094]]",Normal,0.9886363636363636,1,0.8920019518461185,"[37, 49, 15, 30, 32, 6]","[963, 1263, 474, 766, 825, 223]",870,880
"[[-1.7686191916465759, 1.961052010059357], [-1.7283964157104492, 1.2384260892868042], [-1.6441999614238738, 1.2358380600810053], [-1.6973470151424408, 1.141147144138813], [-1.8202207028865816, 3.0190204501152036]]",Normal,0.9885958660014256,1,0.8916366273184391,"[41, 46, 10, 47, 25]","[1064, 1205, 245, 1216, 690]",1387,1403
"[[-1.2518819496035576, 5.9194654151797295], [-1.8202207028865816, 2.7231122401356695], [-1.7075185239315034, 1.3309245386719704], [-1.6797260224819184, 1.5988639277219772], [-1.6500760436058046, 0.7964785373210908], [-1.6491265833377837, 1.584968847334385], [-1.6758379220962525, 0.8500783133506775]]",Normal,0.9885931558935361,1,0.891612184553382,"[47, 25, 4, 15, 30, 48, 21]","[1216, 690, 140, 474, 766, 1262, 612]",520,526
"[[-1.6797260224819184, 1.5988639277219772], [-1.6672115206718445, 1.7924783825874329], [-1.8440534591674804, 2.0950475454330446], [-1.2112549889119049, 1.4019608950614928], [-1.2518819496035576, 5.9194654151797295], [-1.6500760436058046, 0.7964785373210908], [-1.6491265833377837, 1.584968847334385], [-1.7075185239315034, 1.3309245386719704]]",Normal,0.9884836852207294,1,0.8906253603726105,"[15, 32, 23, 37, 47, 30, 48, 4]","[474, 825, 659, 963, 1216, 766, 1262, 140]",515,521
"[[-1.2518819496035576, 5.9194654151797295], [-1.6672115206718445, 1.7924783825874329], [-1.6811786472797394, 1.2605786016583442], [-1.6797260224819184, 1.5988639277219772], [-1.6931957185268403, 2.089929431974888], [-1.8260549545288087, 1.9870125842094422]]",Normal,0.9882075471698113,1,0.8881404775181657,"[47, 32, 31, 15, 22, 33]","[1216, 825, 817, 474, 613, 830]",1257,1272
"[[-1.6797260224819184, 1.5988639277219772], [-1.6672115206718445, 1.7924783825874329], [-1.6811786472797394, 1.2605786016583442], [-1.6931957185268403, 2.089929431974888], [-1.7161404550075532, 1.432366417646408]]",Normal,0.9881422924901185,1,0.8875541826234772,"[15, 32, 31, 22, 13]","[474, 825, 817, 613, 408]",1250,1265
"[[-1.6672115206718445, 0.45203138600608517], [-1.71348152756691, 2.3135336308469694], [-1.6931957185268403, 2.089929431974888], [-1.7437106370925903, 3.9197131872177122], [-1.6797260224819184, 1.5988639277219772]]",Normal,0.9878787878787879,1,0.885190209624463,"[32, 35, 22, 14, 15]","[825, 847, 613, 446, 474]",163,165
"[[-1.6797260224819184, 1.5988639277219772], [-1.6811786472797394, 1.2605786016583442], [-1.6973470151424408, 5.9194654151797295], [-1.6931957185268403, 2.089929431974888], [-1.782410603761673, 2.8492674830555917]]",Normal,0.9873949579831933,1,0.880864387336363,"[15, 31, 47, 22, 40]","[474, 817, 1216, 613, 1049]",470,476
"[[-1.6672115206718445, 0.45203138600608517], [-1.6227943122386934, 1.6008550608158112], [-1.8440534591674804, 2.0950475454330446], [-1.2518819496035576, 5.9194654151797295], [-1.6931957185268403, 2.089929431974888], [-1.6758379220962525, 3.414409790635109], [-1.776373201608658, 1.3121550747752189], [-1.7112989366054534, 2.817668697834015]]",Normal,0.9871657754010695,1,0.8788219620254187,"[32, 49, 23, 47, 22, 21, 0, 39]","[825, 1263, 659, 1216, 613, 612, 27, 1039]",923,935
"[[-1.8555157244205476, 2.276870270371437], [-1.8635925769805908, 4.4144555007600506], [-1.7641605019569397, 0.9455555039644243], [-1.6900122523307801, 2.759394053220749], [-1.6227943122386934, 1.6008550608158112], [-1.7112989366054534, 2.478064280748367]]",Normal,0.9871106337271751,1,0.8783311879725179,"[11, 37, 16, 34, 49, 39]","[274, 963, 496, 840, 1263, 1039]",919,931
"[[-1.8555157244205476, 2.276870270371437], [-1.6811786472797394, 1.2605786016583442], [-1.6900122523307801, 2.759394053220749], [-1.7112989366054534, 2.478064280748367], [-1.4744347846508026, 0.45203138600608517], [-1.8440534591674804, 2.0950475454330446], [-1.603154443204403, 0.857474111020565]]",Normal,0.987037037037037,1,0.8776765441840607,"[11, 31, 34, 39, 32, 23, 35]","[274, 817, 840, 1039, 825, 659, 847]",533,540
"[[-1.6672115206718445, 0.45203138600608517], [-1.8555157244205476, 2.276870270371437], [-1.71348152756691, 2.3135336308469694], [-1.6931957185268403, 2.089929431974888], [-1.2518819496035576, 5.9194654151797295], [-1.7161404550075532, 3.1877595567703247], [-1.6491265833377837, 2.1584172183275223]]",Normal,0.9868421052631579,1,0.875944744140665,"[32, 11, 35, 22, 47, 13, 48]","[825, 274, 847, 613, 1216, 408, 1262]",225,228
"[[-1.6672115206718445, 0.45203138600608517], [-1.8555157244205476, 2.276870270371437], [-1.71348152756691, 2.3135336308469694], [-1.6227943122386934, 1.6008550608158112], [-1.6931957185268403, 2.089929431974888], [-1.7161404550075532, 3.1877595567703247]]",Normal,0.9867256637168141,1,0.8749117296426692,"[32, 11, 35, 49, 22, 13]","[825, 274, 847, 1263, 613, 408]",223,226
"[[-1.6797260224819184, 1.5988639277219772], [-0.8728165685222107, 1.7924783825874329], [-1.6227943122386934, 1.6008550608158112], [-1.8440534591674804, 2.0950475454330446]]",Normal,0.9866071428571429,1,0.8738613945512673,"[15, 32, 49, 23]","[474, 825, 1263, 659]",1547,1568
"[[-1.6672115206718445, 1.1384358620643615], [-1.8440534591674804, 2.0950475454330446], [-1.8635925769805908, 1.4019608950614928], [-1.6811786472797394, 1.2605786016583442], [-1.7112989366054534, 2.478064280748367], [-1.6931957185268403, 1.6971513777971268]]",Normal,0.9865125240847784,1,0.8730236951816924,"[32, 23, 37, 31, 39, 22]","[825, 659, 963, 817, 1039, 613]",512,519
"[[-1.6672115206718445, 0.45203138600608517], [-1.8440534591674804, 2.0950475454330446], [-1.8555157244205476, 2.276870270371437], [-1.8635925769805908, 1.4019608950614928], [-1.2518819496035576, 5.9194654151797295], [-1.6931957185268403, 2.089929431974888], [-1.6491265833377837, 2.1595378087460997]]",Normal,0.9863945578231292,1,0.8719803030430846,"[32, 23, 11, 37, 47, 22, 48]","[825, 659, 274, 963, 1216, 613, 1262]",725,735
"[[-1.6672115206718445, 0.45203138600608517], [-1.6227943122386934, 1.6008550608158112], [-1.8440534591674804, 2.0950475454330446], [-1.8555157244205476, 2.276870270371437], [-1.2112549889119049, 1.4019608950614928], [-1.2518819496035576, 5.9194654151797295], [-1.7022654339671135, 0.9937775656580925]]",Normal,0.9861111111111112,1,0.8694778501525586,"[32, 49, 23, 11, 37, 47, 27]","[825, 1263, 659, 274, 963, 1216, 733]",994,1008
"[[-1.6227943122386934, 1.6008550608158112], [-1.2518819496035576, 5.9194654151797295], [-1.8635925769805908, 1.4019608950614928], [-1.6672115206718445, 0.45203138600608517], [-1.6811786472797394, 4.037969392265343], [-1.8555157244205476, 2.276870270371437], [-1.6931957185268403, 2.089929431974888]]",Normal,0.9857868020304569,1,0.8666225673106405,"[49, 47, 37, 32, 31, 11, 22]","[1263, 1216, 963, 825, 817, 274, 613]",971,985
"[[-1.6672115206718445, 0.45203138600608517], [-1.8440534591674804, 2.0950475454330446], [-1.8555157244205476, 2.276870270371437], [-1.8635925769805908, 1.4019608950614928], [-1.2518819496035576, 5.9194654151797295], [-1.6491265833377837, 2.1595378087460997], [-1.603154443204403, 0.857474111020565]]",Normal,0.9857594936708861,1,0.8663825246294605,"[32, 23, 11, 37, 47, 48, 35]","[825, 659, 274, 963, 1216, 1262, 847]",623,632
"[[-1.6672115206718445, 1.7924783825874329], [-1.6227943122386934, 1.6008550608158112], [-1.8440534591674804, 2.0950475454330446], [-1.2112549889119049, 1.4019608950614928], [-1.2518819496035576, 5.9194654151797295], [-1.6500760436058046, 0.7964785373210908], [-1.6491265833377837, 1.584968847334385], [-1.88514364361763, 3.242071633040905]]",Normal,0.9856985698569857,1,0.8658472150486003,"[32, 49, 23, 37, 47, 30, 48, 1]","[825, 1263, 659, 963, 1216, 766, 1262, 30]",896,909
"[[-1.8555157244205476, 2.276870270371437], [-1.2518819496035576, 4.398005279154974], [-1.6811786472797394, 1.2605786016583442], [-1.6900122523307801, 2.759394053220749], [-1.4744347846508026, 1.1384358620643615], [-1.8202207028865816, 2.7231122401356695], [-1.6797260224819184, 2.9560722467303275]]",Normal,0.9856230031948882,1,0.8651836590839566,"[11, 47, 31, 34, 32, 25, 15]","[274, 1216, 817, 840, 825, 690, 474]",617,626
"[[-1.8440534591674804, 2.0950475454330446], [-1.6811786472797394, 1.2605786016583442], [-1.8555157244205476, 2.276870270371437], [-1.6500760436058046, 0.7964785373210908]]",Normal,0.9850746268656716,1,0.8603820246620634,"[23, 31, 11, 30]","[659, 817, 274, 766]",198,201
"[[-1.8555157244205476, 2.276870270371437], [-1.2518819496035576, 5.9194654151797295], [-1.71348152756691, 2.469725905060768], [-1.7437106370925903, 3.9197131872177122], [-1.6500760436058046, 0.7964785373210908], [-1.4427214695513249, 1.3627292273938656]]",Normal,0.9846153846153847,1,0.8563793241047093,"[11, 47, 35, 14, 30, 37]","[274, 1216, 847, 446, 766, 963]",1088,1105
"[[-1.6672115206718445, 0.45203138600608517], [-1.8440534591674804, 2.0950475454330446], [-1.8555157244205476, 2.276870270371437], [-1.2518819496035576, 5.9194654151797295], [-1.6491265833377837, 2.1595378087460997], [-1.603154443204403, 0.857474111020565], [-1.7641605019569397, 2.6450366401672367]]",Normal,0.9845360824742269,1,0.8556898355347735,"[32, 23, 11, 47, 48, 35, 16]","[825, 659, 274, 1216, 1262, 847, 496]",573,582
"[[-1.6500760436058046, 0.7964785373210908], [-0.8728165685222107, 1.7924783825874329], [-1.6797260224819184, 1.5988639277219772], [-1.7676193594932557, 3.3574925476312636]]",Normal,0.9843851659076123,1,0.8543790787972881,"[30, 32, 15, 2]","[766, 825, 474, 118]",1513,1537
"[[-1.6672115206718445, 0.45203138600608517], [-1.6227943122386934, 1.6008550608158112], [-1.8440534591674804, 2.0950475454330446], [-1.6900122523307801, 2.759394053220749], [-1.6973470151424408, 2.143025577068329]]",Normal,0.9840848806366048,1,0.8517763825431561,"[32, 49, 23, 34, 47]","[825, 1263, 659, 840, 1216]",1113,1131
"[[-1.8555157244205476, 2.276870270371437], [-1.6500760436058046, 0.7964785373210908], [-1.2518819496035576, 5.9194654151797295], [-1.6811786472797394, 1.2605786016583442], [-1.7676193594932557, 2.4430514389276503], [-1.6950858235359192, 3.317974805831909], [-1.6758379220962525, 3.414409790635109]]",Normal,0.98378041172801,1,0.8491447126703809,"[11, 30, 47, 31, 2, 24, 21]","[274, 766, 1216, 817, 118, 680, 612]",1577,1603
"[[-1.6797260224819184, 1.5988639277219772], [-1.82147895693779, 2.473960210680962], [-1.8440534591674804, 2.0950475454330446], [-1.9106114029884338, 1.1707246071100235]]",Normal,0.9834710743801653,1,0.8464784590134398,"[15, 45, 23, 5]","[474, 1147, 659, 217]",119,121
"[[-1.6797260224819184, 1.5988639277219772], [-1.6931957185268403, 2.089929431974888], [-1.782410603761673, 2.8492674830555917], [-1.8555157244205476, 2.276870270371437], [-1.8440534591674804, 2.0950475454330446], [-1.8122935175895691, 3.9998218756914135]]",Normal,0.9833333333333333,1,0.8452936618658358,"[15, 22, 40, 11, 23, 38]","[474, 613, 1049, 274, 659, 980]",413,420
"[[-1.8555157244205476, 0.11432750748709442], [-1.2518819496035576, 4.398005279154974], [-1.4744347846508026, 1.7924783825874329], [-1.8635925769805908, 1.4019608950614928], [-1.7368550598621368, 1.8531751051545147]]",Normal,0.9828326180257511,1,0.840999258990668,"[11, 47, 32, 37, 6]","[274, 1216, 825, 963, 223]",458,466
"[[-1.8555157244205476, 2.276870270371437], [-1.2518819496035576, 5.9194654151797295], [-1.6811786472797394, 1.2605786016583442], [-1.7676193594932557, 2.4430514389276503], [-1.6950858235359192, 3.317974805831909], [-1.6758379220962525, 3.414409790635109], [-1.82147895693779, 2.598486149907112]]",Normal,0.9819639278557114,1,0.8335954664908738,"[11, 47, 31, 2, 24, 21, 45]","[274, 1216, 817, 118, 680, 612, 1147]",1470,1497
"[[-1.7686191916465759, 1.961052010059357], [-1.6797260224819184, 1.5988639277219772], [-1.6672115206718445, 1.7924783825874329], [-1.6227943122386934, 1.6008550608158112], [-1.7283964157104492, 1.2384260892868042], [-0.42474641680717484, 2.757606409788132]]",Normal,0.9802867383512545,1,0.8194666316268253,"[41, 15, 32, 49, 46, 42]","[1064, 474, 825, 1263, 1205, 1087]",547,558
"[[-1.8555157244205476, 2.276870270371437], [-1.6500760436058046, 0.7964785373210908], [-1.2518819496035576, 5.9194654151797295], [-1.6811786472797394, 1.2605786016583442], [-1.6950858235359192, 3.317974805831909], [-1.6758379220962525, 3.414409790635109], [-1.782410603761673, 4.425488590598107]]",Normal,0.980106100795756,1,0.8179578510034917,"[11, 30, 47, 31, 24, 21, 40]","[274, 766, 1216, 817, 680, 612, 1049]",1478,1508
"[[-1.6811786472797394, 1.2605786016583442], [-1.6931957185268403, 2.089929431974888], [-1.782410603761673, 2.8492674830555917], [-1.6672115206718445, 0.45203138600608517], [-1.8635925769805908, 1.4019608950614928], [-1.6973470151424408, 5.9194654151797295]]",Normal,0.98005698005698,1,0.8175480011555362,"[31, 22, 40, 32, 37, 47]","[817, 613, 1049, 825, 963, 1216]",344,351
"[[-1.6227943122386934, 1.6008550608158112], [-1.8440534591674804, 2.0950475454330446], [-1.6811786472797394, 1.2605786016583442], [-1.2518819496035576, 5.9194654151797295], [-1.6931957185268403, 2.089929431974888], [-1.680296015739441, 0.9323001158237456]]",Normal,0.9791044776119403,1,0.8096370368408864,"[49, 23, 31, 47, 22, 28]","[1263, 659, 817, 1216, 613, 743]",328,335
"[[-1.6672115206718445, 0.45203138600608517], [-1.8440534591674804, 2.0950475454330446], [-1.8555157244205476, 2.276870270371437], [-1.8635925769805908, 1.4019608950614928], [0.2846683507296395, 2.1595378087460997], [-1.603154443204403, 0.857474111020565], [-1.7641605019569397, 2.6450366401672367]]",Normal,0.9787234042553191,1,0.8064913940515531,"[32, 23, 11, 37, 48, 35, 16]","[825, 659, 274, 963, 1262, 847, 496]",46,47
"[[-1.8555157244205476, 3.1401807160468884], [-1.7641605019569397, 0.9455555039644243], [-1.7112989366054534, 2.478064280748367], [-1.9106114029884338, 1.9399285143613816], [-1.6931957185268403, 3.669159023761749]]",Normal,0.9784735812133072,1,0.804435155677395,"[11, 16, 39, 5, 22]","[274, 496, 1039, 217, 613]",500,511
"[[-1.8555157244205476, 7.894745295748733], [-1.2518819496035576, 4.398005279154974], [-1.6811786472797394, 1.2605786016583442], [-1.7112989366054534, 2.478064280748367], [-1.776373201608658, 2.9703140583634373]]",Normal,0.9775280898876404,1,0.7966956753809346,"[11, 47, 31, 39, 0]","[274, 1216, 817, 1039, 27]",870,890
"[[-1.8555157244205476, 2.276870270371437], [-1.8635925769805908, 1.4019608950614928], [-1.6931957185268403, 2.089929431974888], [-1.71348152756691, 2.469725905060768], [-1.6797260224819184, 3.5883669975399974]]",Normal,0.9775,1,0.7964667694434978,"[11, 37, 22, 35, 15]","[274, 963, 613, 847, 474]",1173,1200
"[[-1.6797260224819184, 1.5988639277219772], [-1.82147895693779, 2.473960210680962], [-1.8635925769805908, 1.4019608950614928]]",Normal,0.9763313609467456,1,0.7869957662188147,"[15, 45, 37]","[474, 1147, 963]",165,169
"[[-1.6672115206718445, 1.1384358620643615], [-1.2518819496035576, 5.9194654151797295], [-1.6491265833377837, 2.1595378087460997], [-1.7641605019569397, 2.6450366401672367], [-1.8202207028865816, 2.7231122401356695], [-1.6931957185268403, 2.6492493265867236]]",Normal,0.9761904761904762,1,0.7858608673348259,"[32, 47, 48, 16, 25, 22]","[825, 1216, 1262, 496, 690, 613]",656,672
"[[-1.6797260224819184, 1.5988639277219772], [-1.6973470151424408, 5.9194654151797295], [-1.6931957185268403, 2.089929431974888], [-1.5658626717329025, 2.1130998891592023]]",Normal,0.9758771929824561,1,0.7833424882274536,"[15, 47, 22, 30]","[474, 1216, 613, 766]",445,456
"[[-1.6950858235359192, 4.016107254494885], [-1.6672115206718445, 1.7924783825874329], [-1.8635925769805908, 1.4019608950614928], [-1.6227943122386934, 1.6008550608158112], [-1.6441999614238738, 1.3304588052630426]]",Normal,0.9756944444444444,1,0.7818767902916987,"[24, 32, 37, 49, 10]","[680, 825, 963, 1263, 245]",1405,1440
"[[-1.8555157244205476, 2.276870270371437], [-1.6500760436058046, 0.7964785373210908], [-1.6758379220962525, 3.414409790635109], [-1.782410603761673, 4.425488590598107], [-1.611142337322235, 1.2071923255920411]]",Normal,0.9752999294283698,1,0.7787210740630258,"[11, 30, 21, 40, 9]","[274, 766, 612, 1049, 240]",1382,1417
"[[-1.8555157244205476, 2.276870270371437], [-1.2518819496035576, 4.398005279154974], [-1.6900122523307801, 2.759394053220749], [-1.7112989366054534, 2.478064280748367], [-1.758002656698227, 3.0558807000517847], [-1.4744347846508026, 1.7924783825874329], [-1.8202207028865816, 4.29584950953722]]",Normal,0.9752066115702479,1,0.7779763051983721,"[11, 47, 34, 39, 19, 32, 25]","[274, 1216, 840, 1039, 565, 825, 690]",590,605
"[[-1.8440534591674804, 2.0950475454330446], [-1.2112549889119049, 1.4019608950614928], [-1.2518819496035576, 5.9194654151797295], [-1.7676193594932557, 2.4430514389276503], [-1.6931957185268403, 1.8479096740484238]]",Normal,0.9742457689477557,1,0.7703450277245288,"[23, 37, 47, 2, 22]","[659, 963, 1216, 118, 613]",1324,1359
"[[-1.8555157244205476, 7.894745295748733], [-1.2518819496035576, 5.9194654151797295], [-1.6811786472797394, 1.2605786016583442], [-1.776373201608658, 2.9703140583634373], [-1.8635925769805908, 1.4019608950614928], [-1.1720023289322854, 2.5277136698365212]]",Normal,0.9737470167064439,1,0.7664104209233317,"[11, 47, 31, 0, 37, 40]","[274, 1216, 817, 27, 963, 1049]",816,838
"[[-1.2518819496035576, 5.9194654151797295], [-1.7641605019569397, 0.9455555039644243], [-1.7112989366054534, 2.478064280748367], [0.2846683507296395, 2.1595378087460997], [-1.758002656698227, 3.0558807000517847], [-1.8202207028865816, 4.29584950953722], [-1.6900122523307801, 2.759394053220749], [-1.6781425714492797, 2.1701861608028414]]",Normal,0.9733333333333334,1,0.7631606465828786,"[47, 16, 39, 48, 19, 25, 34, 18]","[1216, 496, 1039, 1262, 565, 690, 840, 513]",73,75
"[[-0.905189035832882, 2.2553842052817346], [-2.718284382522106, 1.9793232223391533], [-1.9551221132278442, 3.317974805831909], [-2.956298718452454, 1.961052010059357], [-3.5289254003763197, 2.4430514389276503]]",Normal,0.9725146198830409,1,0.7567656104321904,"[26, 45, 24, 41, 2]","[717, 1147, 680, 1064, 118]",1663,1710
"[[-1.2518819496035576, 4.398005279154974], [-1.758002656698227, 3.0558807000517847], [-1.6811786472797394, 2.667912869155407], [-1.6441999614238738, 2.0598203906416894], [-1.6672115206718445, 0.45203138600608517]]",Normal,0.9714285714285714,1,0.7483568304270122,"[47, 19, 31, 10, 32]","[1216, 565, 817, 245, 825]",34,35
"[[-1.8440534591674804, 2.0950475454330446], [-1.8635925769805908, 1.4019608950614928], [-1.2518819496035576, 5.9194654151797295], [-1.6900122523307801, 2.759394053220749]]",Normal,0.9710982658959537,1,0.7458161544208888,"[23, 37, 47, 34]","[659, 963, 1216, 840]",336,346
"[[-1.8440534591674804, 2.0950475454330446], [-1.8635925769805908, 1.4019608950614928], [-1.6491265833377837, 2.1595378087460997], [-1.785664141178131, 3.4593141674995427]]",Normal,0.9703703703703703,1,0.740244640333776,"[23, 37, 48, 8]","[659, 963, 1262, 239]",393,405
"[[-1.6973470151424408, 1.141147144138813], [-1.6811786472797394, 0.9857915633916856]]",Normal,0.969790382244143,1,0.7358320963995166,"[47, 31]","[1216, 817]",1573,1622
"[[-2.0142456963658333, 1.141147144138813], [-1.520144461989403, 0.9857915633916856]]",Normal,0.9688436189334931,1,0.7286799708325629,"[47, 31]","[1216, 817]",1617,1669
"[[-1.2518819496035576, 5.9194654151797295], [-1.6811786472797394, 1.2605786016583442], [-1.7676193594932557, 2.4430514389276503], [-1.6950858235359192, 4.016107254494885], [-1.6758379220962525, 5.539936874954654]]",Normal,0.9669902912621359,1,0.7148602310894304,"[47, 31, 2, 24, 21]","[1216, 817, 118, 680, 612]",1494,1545
"[[-1.82147895693779, 2.473960210680962], [-1.71348152756691, 2.4739576002955435], [-1.6931957185268403, 2.089929431974888], [-1.6227943122386934, 1.6008550608158112], [-1.6500760436058046, 2.427890821695328]]",Normal,0.9669811320754716,1,0.7147925234890156,"[45, 35, 22, 49, 30]","[1147, 847, 613, 1263, 766]",205,212
"[[-1.8555157244205476, 2.276870270371437], [-1.2518819496035576, 5.9194654151797295], [0.2846683507296395, 2.1595378087460997], [-1.603154443204403, 0.857474111020565], [-1.7641605019569397, 2.6450366401672367]]",Normal,0.9661016949152542,1,0.7083182641128207,"[11, 47, 48, 35, 16]","[274, 1216, 1262, 847, 496]",57,59
"[[-1.6973470151424408, 1.141147144138813], [-1.7912581741809845, 2.6178631627559663], [-1.9531167209148408, 4.426597668528557]]",Normal,0.9647129186602871,1,0.6982017658315972,"[47, 27, 12]","[1216, 733, 345]",1613,1672
"[[-0.07869527190923709, 4.678082440793514], [0.14765142649412155, 6.848194845020771], [5.7436461675664265, 6.544960600435735], [1.7320358258485795, 5.78008632838726], [-1.280631345510483, 5.679568094015122]]",Anomalous,0.9642857142857143,1,0.073829952168002,"[40, 48, 15, 31, 30]","[1049, 1262, 474, 817, 766]",0,0
"[[-1.6500760436058046, 0.7964785373210908], [-1.6672115206718445, 1.7924783825874329], [-1.9531167209148408, 5.237613650560379]]",Normal,0.9640151515151515,1,0.6931681479029567,"[30, 32, 12]","[766, 825, 345]",1527,1584
"[[-1.6227943122386934, 1.6008550608158112], [-1.8635925769805908, 1.4019608950614928], [-1.2518819496035576, 2.371862986221933], [-1.6931957185268403, 2.089929431974888], [-1.3993002465367317, 2.9308616212010383]]",Normal,0.9635036496350365,1,0.6894989997646158,"[49, 37, 47, 22, 0]","[1263, 963, 1216, 613, 27]",660,685
"[[-1.6973470151424408, 1.141147144138813], [-1.7912581741809845, 2.6178631627559663]]",Normal,0.9628537735849056,1,0.6848624705386092,"[47, 27]","[1216, 733]",1633,1696
"[[-1.8555157244205476, 3.1401807160468884], [-1.6973470151424408, 5.9194654151797295], [-1.7641605019569397, 0.9455555039644243], [-1.7112989366054534, 2.478064280748367], [-1.6931957185268403, 3.669159023761749], [0.2846683507296395, 2.1595378087460997], [-1.9106114029884338, 1.9399285143613816]]",Normal,0.9620253164556962,1,0.6789925511504871,"[11, 47, 16, 39, 22, 48, 5]","[274, 1216, 496, 1039, 613, 1262, 217]",76,79
"[[-1.8440534591674804, 2.0950475454330446], [-1.8555157244205476, 3.1401807160468884], [-1.8635925769805908, 1.4019608950614928], [-1.2518819496035576, 5.9194654151797295], [0.2846683507296395, 2.1595378087460997], [-1.7075185239315034, 2.947637918293476], [-1.7112989366054534, 2.478064280748367], [-1.6931957185268403, 3.669159023761749]]",Normal,0.9545454545454546,1,0.6280093925418645,"[23, 11, 37, 47, 48, 4, 39, 22]","[659, 274, 963, 1216, 1262, 140, 1039, 613]",84,88
"[[-1.82147895693779, 1.9793232223391533], [-1.7686191916465759, 1.961052010059357], [-1.88514364361763, 3.5828650662302968]]",Normal,0.952755905511811,1,0.6163345214061124,"[45, 41, 1]","[1147, 1064, 30]",1089,1143
"[[-1.8440534591674804, 2.0950475454330446], [-1.8555157244205476, 3.1401807160468884], [-1.8635925769805908, 1.4019608950614928], [-1.2518819496035576, 5.9194654151797295], [0.2846683507296395, 2.1595378087460997], [-1.603154443204403, 0.857474111020565], [-1.7075185239315034, 2.947637918293476]]",Normal,0.9473684210526315,1,0.5823566532299392,"[23, 11, 37, 47, 48, 35, 4]","[659, 274, 963, 1216, 1262, 847, 140]",90,95
"[[-0.07869527190923709, 4.678082440793514], [0.14765142649412155, 6.848194845020771], [0.35408629745244946, 6.544960600435735], [-0.791398646622119, 5.78008632838726], [-1.7641605019569397, 3.059005623459816]]",Anomalous,0.9375,1,0.524460475048727,"[40, 48, 15, 31, 16]","[1049, 1262, 474, 817, 496]",15,16
"[[-1.6672115206718445, 0.45203138600608517], [-1.8440534591674804, 2.0950475454330446], [-1.8555157244205476, 2.276870270371437], [-1.8635925769805908, 1.4019608950614928], [-1.2518819496035576, 5.9194654151797295], [-1.6491265833377837, 2.1595378087460997], [0.2723438206315043, 7.124115281999111]]",Normal,0.9361702127659575,1,0.5170686241833394,"[32, 23, 11, 37, 47, 48, 20]","[825, 659, 274, 963, 1216, 1262, 566]",88,94
"[[0.14765142649412155, 6.848194845020771], [0.35408629745244946, 6.544960600435735], [0.9300264477729798, 9.242389444374101], [-1.6849230200052263, 3.1444805532693865], [-1.8261146819591523, 4.111862686872483]]",Anomalous,0.9230769230769231,1,0.44913710714186356,"[48, 15, 8, 3, 11]","[1262, 474, 239, 138, 274]",12,13
"[[-1.7368550598621368, 3.563653053343296], [-1.8356576323509217, 4.184756052643061], [2.0910538363456723, 9.836680538654328], [1.4344321268796922, 6.122443578839302]]",Anomalous,0.9,1,0.3486784401000001,"[6, 29, 38, 16]","[223, 746, 980, 496]",9,10
"[[-1.0841038933699505, 4.687219044714949], [-1.7641605019569397, 4.455436258316039], [2.5689749565720557, 7.344875827729702], [1.408776108920574, 7.75085371285677], [-1.7485407590866089, 1.7460178293287754]]",Anomalous,0.875,1,0.2630755761638284,"[15, 16, 19, 10, 46]","[474, 496, 565, 245, 1205]",7,8
"[[0.35408629745244946, 6.544960600435735], [-1.2885315489768985, 4.829283006191254], [0.14448357582092264, 5.8602375888824465], [-0.07869527190923709, 4.678082440793514], [4.159412492513656, 6.915316473245621]]",Anomalous,0.875,1,0.05281567573547363,"[15, 45, 33, 40, 35]","[474, 1147, 830, 1049, 847]",0,0
"[[-3.865966819226742, 2.8923924192786217], [0.06150343477726006, 4.25525853574276], [-1.947125132083893, 0.910751874446869], [1.8896980887651442, 6.885842263102532], [-4.422253198027611, 3.266707724928856], [-1.3166036960482597, 3.052837526500225]]",Anomalous,0.8666666666666667,1,0.23906771605510008,"[49, 34, 33, 15, 12, 19]","[1263, 840, 830, 474, 345, 565]",13,15
"[[-0.07869527190923709, 4.678082440793514], [0.35408629745244946, 6.544960600435735], [1.7320358258485795, 5.78008632838726], [-1.522160153388977, 2.5451768445968628]]",Anomalous,0.8666666666666667,1,0.23906771605510008,"[40, 15, 31, 28]","[1049, 474, 817, 743]",13,15
"[[-0.07869527190923709, 4.678082440793514], [0.579165145456791, 3.8893545421957967], [-1.9106114029884338, 2.108772132769227], [2.003959903717041, 5.092623462677002]]",Anomalous,0.8571428571428571,1,0.21405831560130767,"[40, 4, 5, 18]","[1049, 140, 217, 513]",6,7
"[[1.408776108920574, 7.75085371285677], [-1.692567104101181, 2.891884127259255], [-1.8356576323509217, 4.184756052643061], [2.0910538363456723, 9.836680538654328]]",Anomalous,0.8529411764705882,1,0.2037937254811257,"[10, 20, 29, 38]","[245, 566, 746, 980]",29,34
"[[0.9300264477729798, 4.918055617809296], [-1.0841038933699505, 6.544960600435735], [-1.7641605019569397, 4.455436258316039], [2.5689749565720557, 7.344875827729702]]",Anomalous,0.8461538461538461,1,0.18814528037496547,"[8, 15, 16, 19]","[239, 474, 496, 565]",11,13
"[[-0.07869527190923709, 4.678082440793514], [3.26337050139904, 7.025436413884163]]",Anomalous,0.84,1,0.17490122876598085,"[40, 36]","[1049, 882]",21,25
"[[0.9300264477729798, 4.918055617809296], [-1.8260549545288087, 4.582931475639343], [-1.0841038933699505, 6.544960600435735], [2.5689749565720557, 7.344875827729702], [0.8466037243604658, 5.943771508336067]]",Anomalous,0.8333333333333334,1,0.1615055828898458,"[8, 33, 15, 19, 9]","[239, 830, 474, 565, 240]",5,6
"[[-0.07869527190923709, 4.678082440793514], [-1.9106114029884338, 4.7978793105157695], [2.003959903717041, 5.092623462677002]]",Anomalous,0.8333333333333334,1,0.1615055828898458,"[40, 5, 18]","[1049, 217, 513]",10,12
"[[0.35408629745244946, 6.544960600435735], [-0.07869527190923709, 4.678082440793514], [0.14448357582092264, 5.8602375888824465]]",Anomalous,0.8333333333333334,1,0.1615055828898458,"[15, 40, 33]","[474, 1049, 830]",10,12
"[[-1.8555157244205476, 2.276870270371437], [-1.6500760436058046, 0.7964785373210908], [-1.2518819496035576, 5.9194654151797295], [-1.7676193594932557, 2.4430514389276503], [-1.6950858235359192, 3.317974805831909], [-1.6758379220962525, 3.414409790635109], [1.1697081422805784, 5.412845244407654]]",Normal,0.8279569892473119,1,0.15138322959132483,"[11, 30, 47, 2, 24, 21, 42]","[274, 766, 1216, 118, 680, 612, 1087]",77,93
"[[-1.6227943122386934, 2.8923924192786217], [-1.8260549545288087, 0.910751874446869], [1.8896980887651442, 6.885842263102532], [-1.9531167209148408, 3.266707724928856], [-1.3166036960482597, 3.052837526500225], [0.42436992675065976, 3.802003745734692]]",Anomalous,0.8,1,0.10737418240000006,"[49, 33, 15, 12, 19, 20]","[1263, 830, 474, 345, 565, 566]",8,10
"[[-1.6441999614238738, 7.75085371285677], [-1.8356576323509217, 4.184756052643061], [2.0910538363456723, 9.836680538654328], [-1.703491520881653, 1.9341263806819917]]",Anomalous,0.7777777777777778,1,0.08101311022241207,"[10, 29, 38, 42]","[245, 746, 980, 1087]",7,9
"[[-0.07869527190923709, 4.678082440793514], [0.14765142649412155, 6.848194845020771], [1.1763748466968535, 6.583062237501144]]",Anomalous,0.7567567567567568,1,0.06159749808996087,"[40, 48, 49]","[1049, 1262, 1263]",28,37
"[[-1.0841038933699505, 6.544960600435735], [-1.7641605019569397, 4.455436258316039], [2.5689749565720557, 7.344875827729702], [1.1763748466968535, 6.583062237501144], [-1.6900122523307801, 1.0531050294637683]]",Anomalous,0.75,1,0.056313514709472656,"[15, 16, 19, 49, 34]","[474, 496, 565, 1263, 840]",12,16
"[[-0.07869527190923709, 1.948366970219796], [-1.9106114029884338, 4.7978793105157695], [2.003959903717041, 5.092623462677002]]",Anomalous,0.75,1,0.056313514709472656,"[40, 5, 18]","[1049, 217, 513]",6,8
"[[0.14765142649412155, 6.848194845020771], [-0.5652698650152559, 3.8893545421957967], [-1.8499676644802094, 2.9519479566812517], [-1.8356576323509217, 4.184756052643061], [2.2589755791425707, 6.043656752705574], [-1.1856925994157796, 6.579745104908944]]",Anomalous,0.75,1,0.056313514709472656,"[48, 4, 7, 29, 49, 1]","[1262, 140, 228, 746, 1263, 30]",3,4
"[[-1.8356576323509217, 4.184756052643061], [0.6426429376006126, 3.31215051561594], [0.7806059306859969, 3.6045135074853896]]",Anomalous,0.7368421052631579,1,0.04717852373687206,"[29, 4, 15]","[746, 140, 474]",28,38
"[[0.35408629745244946, 6.544960600435735], [-0.07869527190923709, 4.678082440793514], [-1.8065162232518197, 1.1887240341305734]]",Anomalous,0.7222222222222222,1,0.03861077083162305,"[15, 40, 1]","[474, 1049, 30]",13,18
"[[0.9300264477729798, 4.918055617809296], [0.14765142649412155, 6.848194845020771]]",Anomalous,0.7142857142857143,1,0.03457161303360778,"[8, 48]","[239, 1262]",5,7
"[[0.35408629745244946, 6.544960600435735], [-0.07869527190923709, 4.678082440793514]]",Anomalous,0.7,1,0.02824752489999998,"[15, 40]","[474, 1049]",35,50
"[[-1.7641605019569397, 4.455436258316039], [2.5689749565720557, 7.344875827729702], [1.26346831202507, 3.9621686470508575]]",Anomalous,0.6923076923076923,1,0.02529248908960331,"[16, 19, 31]","[496, 565, 817]",9,13
"[[4.124330026885821, 7.75085371285677], [-1.692567104101181, 2.891884127259255], [-1.8356576323509217, 4.184756052643061], [2.0910538363456723, 9.836680538654328], [-1.6931957185268403, 2.464584268331528]]",Anomalous,0.6666666666666666,1,0.017341529915832606,"[10, 20, 29, 38, 22]","[245, 566, 746, 980, 613]",2,3
"[[-1.0841038933699505, 6.544960600435735], [1.408776108920574, 7.75085371285677], [2.5689749565720557, 7.344875827729702], [-1.7485407590866089, 1.7460178293287754]]",Anomalous,0.6666666666666666,1,0.017341529915832606,"[15, 10, 19, 46]","[474, 245, 565, 1205]",2,3
"[[1.7320358258485795, 5.78008632838726], [-1.9106114029884338, 2.108772132769227], [-0.5652698650152559, 3.8893545421957967], [1.7327431365847588, 6.800495274364948], [-1.692567104101181, 2.193842871189118]]",Anomalous,0.6666666666666666,1,0.017341529915832606,"[31, 5, 4, 47, 20]","[817, 217, 140, 1216, 566]",2,3
"[[-0.20549165248870827, 5.334780325889588], [0.35408629745244946, 6.544960600435735], [-1.692567104101181, 2.891884127259255], [-1.2885315489768985, 4.829283006191254], [0.14765142649412155, 6.848194845020771]]",Anomalous,0.6666666666666666,1,0.017341529915832606,"[7, 15, 20, 45, 48]","[228, 474, 566, 1147, 1262]",4,6
"[[0.14765142649412155, 6.848194845020771], [1.1763748466968535, 6.583062237501144], [-0.5327536576986316, 3.937210749983788]]",Anomalous,0.6428571428571429,1,0.012054376104299195,"[48, 49, 16]","[1262, 1263, 496]",27,42
"[[2.5689749565720557, 6.851503008008003], [0.4704491198062897, 2.89241561293602]]",Anomalous,0.6153846153846154,1,0.007788724579811145,"[19, 14]","[565, 446]",8,13
"[[0.14765142649412155, 6.848194845020771], [1.1763748466968535, 6.583062237501144], [-0.5327536576986316, 3.937210749983788], [-1.82147895693779, 3.1857661905884744]]",Anomalous,0.6086956521739131,1,0.0069823561410765865,"[48, 49, 16, 45]","[1262, 1263, 496, 1147]",14,23
"[[-0.07869527190923709, 4.678082440793514], [1.408776108920574, 7.75085371285677], [-1.692567104101181, 2.891884127259255], [-1.6797260224819184, 4.0850280231237415]]",Anomalous,0.603448275862069,1,0.0064032507327853325,"[40, 10, 20, 15]","[1049, 245, 566, 474]",35,58
"[[-0.07869527190923709, 4.678082440793514], [0.9300264477729798, 4.918055617809296], [-1.5203920960426331, 4.873599445819854]]",Anomalous,0.5945945945945946,1,0.005523439069463426,"[40, 8, 14]","[1049, 239, 446]",22,37
"[[2.6636253863884587, 3.9594267487525943], [-1.7368550598621368, 3.563653053343296]]",Anomalous,0.59375,1,0.005445480739930453,"[27, 6]","[733, 223]",19,32
"[[-0.07869527190923709, 4.678082440793514], [-1.692567104101181, 2.891884127259255], [0.9300264477729798, 4.918055617809296]]",Anomalous,0.5909090909090909,1,0.005190470353833767,"[40, 20, 8]","[1049, 566, 239]",13,22
"[[-1.692567104101181, 2.891884127259255], [-1.8356576323509217, 4.184756052643061], [2.0910538363456723, 9.836680538654328], [-1.2288357281684874, 2.295609619617462]]",Anomalous,0.5757575757575758,1,0.004003101581301984,"[20, 29, 38, 2]","[566, 746, 980, 118]",19,33
"[[-0.07869527190923709, 4.678082440793514], [-1.6491265833377837, 6.848194845020771], [0.35408629745244946, 6.544960600435735], [-1.8635925769805908, 1.619305791258812]]",Anomalous,0.5740740740740741,1,0.0038875800082382025,"[40, 48, 15, 37]","[1049, 1262, 474, 963]",31,54
"[[0.35408629745244946, 6.544960600435735], [0.02456368327140801, 2.820857869386673]]",Anomalous,0.573170731707317,1,0.0038268378036832944,"[15, 28]","[474, 743]",47,82
"[[-0.07869527190923709, 4.678082440793514], [0.14765142649412155, 6.848194845020771], [-0.791398646622119, 5.78008632838726], [-1.9106114029884338, 2.108772132769227], [2.003959903717041, 5.092623462677002]]",Anomalous,0.5714285714285714,1,0.003712098683732816,"[40, 48, 31, 5, 18]","[1049, 1262, 817, 217, 513]",4,7
"[[2.5689749565720557, 7.344875827729702]]",Anomalous,0.5714285714285714,1,0.003712098683732816,[19],[565],4,7
"[[1.1763748466968535, 6.583062237501144], [-1.6441999614238738, 7.75085371285677], [-1.8356576323509217, 4.184756052643061], [2.0910538363456723, 0.46583198308944707], [0.865289032459259, 4.869414985179901]]",Anomalous,0.5588235294117647,1,0.000452821070220384,"[49, 10, 29, 38, 6]","[1263, 245, 746, 980, 223]",0,0
"[[0.35408629745244946, 6.885842263102532], [-1.8260549545288087, 4.582931475639343], [-1.3166036960482597, 3.052837526500225], [0.42436992675065976, 3.802003745734692], [-1.6227943122386934, 2.8923924192786217], [-1.877646416425705, 4.413619355857372]]",Anomalous,0.5483870967741935,1,0.002459644124625266,"[15, 33, 19, 20, 49, 26]","[474, 830, 565, 566, 1263, 717]",17,31
"[[0.9300264477729798, 4.918055617809296], [0.02456368327140801, 2.820857869386673]]",Anomalous,0.5405405405405406,1,0.002129524867804521,"[8, 28]","[239, 743]",20,37
"[[0.35408629745244946, 6.544960600435735], [-1.6227943122386934, 2.8923924192786217]]",Anomalous,0.5217391304347826,1,0.0014946313944873002,"[15, 49]","[474, 1263]",24,46
"[[0.14765142649412155, 6.848194845020771], [-1.787373811006546, 2.864890751242638], [0.45389421701431276, 8.330736558437348]]",Anomalous,0.5172413793103449,1,0.0013706690662328692,"[48, 3, 37]","[1262, 138, 963]",15,29
